book_id,wikipedia_url
8,https://en.wikipedia.org/wiki/Abraham_Lincoln%27s_second_inaugural_address
11,https://en.wikipedia.org/wiki/Alice%27s_Adventures_in_Wonderland
21,https://en.wikipedia.org/wiki/Aesop%27s_Fables
22,https://en.wikipedia.org/wiki/Roget%27s_Thesaurus
28,https://en.wikipedia.org/wiki/Aesop%27s_Fables
71,https://en.wikipedia.org/wiki/Civil_Disobedience_(essay)
72,"https://en.wikipedia.org/wiki/Thuvia,_Maid_of_Mars"
86,https://en.wikipedia.org/wiki/A_Connecticut_Yankee_in_King_Arthur%27s_Court
93,"https://en.wikipedia.org/wiki/Tom_Sawyer,_Detective"
94,https://en.wikipedia.org/wiki/Alexander%27s_Bridge
102,https://en.wikipedia.org/wiki/Pudd%27nhead_Wilson
110,https://en.wikipedia.org/wiki/Tess_of_the_d%27Urbervilles
123,https://en.wikipedia.org/wiki/At_the_Earth%27s_Core_(novel)
131,https://en.wikipedia.org/wiki/The_Pilgrim%27s_Progress
135,https://en.wikipedia.org/wiki/Les_Mis%C3%A9rables
136,https://en.wikipedia.org/wiki/A_Child%27s_Garden_of_Verses
142,"https://en.wikipedia.org/wiki/The_%2430,000_Bequest_and_Other_Stories"
169,https://en.wikipedia.org/wiki/The_Well_at_the_World%27s_End
242,https://en.wikipedia.org/wiki/My_%C3%81ntonia
265,https://en.wikipedia.org/wiki/Korm%C3%A1ks_saga
291,https://en.wikipedia.org/wiki/The_Golden_Age_(Grahame_book)
304,https://en.wikipedia.org/wiki/Rio_Grande%27s_Last_Race_and_Other_Verses
329,https://en.wikipedia.org/wiki/Island_Nights%27_Entertainments
396,"https://en.wikipedia.org/wiki/The_Lady,_or_the_Tiger%3F"
409,"https://en.wikipedia.org/wiki/Poems_on_Various_Subjects,_Religious_and_Moral"
416,"https://en.wikipedia.org/wiki/Winesburg,_Ohio"
432,https://en.wikipedia.org/wiki/The_Ambassadors_(novel)
451,https://en.wikipedia.org/wiki/The_Shadow-Line
467,https://en.wikipedia.org/wiki/La_Princesse_de_Cl%C3%A8ves
477,https://en.wikipedia.org/wiki/Das_Verbrechen_als_soziale_Erscheinung%3B_Grundz%C3%BCge_der_Kriminal-Sociologie
503,https://en.wikipedia.org/wiki/The_Langs%27_Fairy_Books
513,"https://en.wikipedia.org/wiki/The_Snow-Image,_and_Other_Twice-Told_Tales"
535,https://en.wikipedia.org/wiki/Travels_with_a_Donkey_in_the_C%C3%A9vennes
540,https://en.wikipedia.org/wiki/The_Langs%27_Fairy_Books
544,https://en.wikipedia.org/wiki/Anne%27s_House_of_Dreams
545,https://en.wikipedia.org/wiki/At_the_Earth%27s_Core_(novel)
553,https://en.wikipedia.org/wiki/Out_of_Time%27s_Abyss
557,https://en.wikipedia.org/wiki/Puck_of_Pook%27s_Hill
588,https://en.wikipedia.org/wiki/Master_Humphrey%27s_Clock
597,https://en.wikipedia.org/wiki/Nj%C3%A1ls_saga
644,https://en.wikipedia.org/wiki/The_Haunted_Man_and_the_Ghost%27s_Bargain
652,"https://en.wikipedia.org/wiki/The_History_of_Rasselas,_Prince_of_Abissinia"
699,https://en.wikipedia.org/wiki/A_Child%27s_History_of_England
720,https://en.wikipedia.org/wiki/Almayer%27s_Folly
721,https://en.wikipedia.org/wiki/The_Birds%27_Christmas_Carol
755,https://en.wikipedia.org/wiki/A_Lady%27s_Life_in_the_Rocky_Mountains
764,"https://en.wikipedia.org/wiki/Hans_Brinker,_or_The_Silver_Skates"
773,https://en.wikipedia.org/wiki/Lord_Arthur_Savile%27s_Crime_and_Other_Stories
775,https://en.wikipedia.org/wiki/When_the_Sleeper_Wakes
782,https://en.wikipedia.org/wiki/Mandeville%27s_Travels
790,https://en.wikipedia.org/wiki/Lady_Windermere%27s_Fan
799,https://fr.wikipedia.org/wiki/De_la_Terre_%C3%A0_la_Lune
829,https://en.wikipedia.org/wiki/Gulliver%27s_Travels
919,https://en.wikipedia.org/wiki/Spinoza%27s_Ethics
920,https://en.wikipedia.org/wiki/Spinoza%27s_Ethics
928,https://en.wikipedia.org/wiki/Alice%27s_Adventures_in_Wonderland
930,https://en.wikipedia.org/wiki/The_Cook%27s_Decameron
935,https://en.wikipedia.org/wiki/Self-Help_(Smiles_book)
948,https://en.wikipedia.org/wiki/Spinoza%27s_Ethics
971,https://en.wikipedia.org/wiki/Spinoza%27s_Ethics
972,https://en.wikipedia.org/wiki/The_Devil%27s_Dictionary
975,https://en.wikipedia.org/wiki/Spinoza%27s_Ethics
999,https://en.wikipedia.org/wiki/Paradiso
1007,https://en.wikipedia.org/wiki/Divine_Comedy
1011,https://en.wikipedia.org/wiki/Paradiso
1019,"https://en.wikipedia.org/wiki/Poems_by_Currer,_Ellis,_and_Acton_Bell"
1022,https://en.wikipedia.org/wiki/Walking_(essay)
1044,https://en.wikipedia.org/wiki/Extract_from_Captain_Stormfield%27s_Visit_to_Heaven
1079,"https://en.wikipedia.org/wiki/The_Life_and_Opinions_of_Tristram_Shandy,_Gentleman"
1086,https://en.wikipedia.org/wiki/A_Horse%27s_Tale
1091,"https://en.wikipedia.org/wiki/On_Heroes,_Hero-Worship,_%26_the_Heroic_in_History"
1097,https://en.wikipedia.org/wiki/Mrs._Warren%27s_Profession
1098,https://en.wikipedia.org/wiki/The_Turmoil_(novel)
1100,"https://en.wikipedia.org/wiki/Henry_VI,_Part_1"
1101,"https://en.wikipedia.org/wiki/Henry_VI,_Part_2"
1102,"https://en.wikipedia.org/wiki/Henry_VI,_Part_3"
1109,https://en.wikipedia.org/wiki/Love%27s_Labour%27s_Lost
1113,https://en.wikipedia.org/wiki/A_Midsummer_Night%27s_Dream
1115,"https://en.wikipedia.org/wiki/Henry_IV,_Part_1"
1117,"https://en.wikipedia.org/wiki/Henry_IV,_Part_2"
1125,https://en.wikipedia.org/wiki/All%27s_Well_That_Ends_Well
1134,https://en.wikipedia.org/wiki/The_Winter%27s_Tale
1137,https://en.wikipedia.org/wiki/A_Lover%27s_Complaint
1152,https://en.wikipedia.org/wiki/V%C3%B6lsunga_saga
1215,https://en.wikipedia.org/wiki/L%27Elixir_de_longue_vie
1220,https://en.wikipedia.org/wiki/La_Messe_de_l%27ath%C3%A9e
1223,https://en.wikipedia.org/wiki/Ursule_Mirou%C3%ABt
1237,https://en.wikipedia.org/wiki/P%C3%A8re_Goriot
1251,https://en.wikipedia.org/wiki/Le_Morte_d%27Arthur
1252,https://en.wikipedia.org/wiki/Le_Morte_d%27Arthur
1267,https://en.wikipedia.org/wiki/Kai_Lung%27s_Golden_Hours
1290,https://en.wikipedia.org/wiki/Salammb%C3%B4
1317,"https://en.wikipedia.org/wiki/Saltbush_Bill,_J.P.,_and_Other_Verses"
1328,https://en.wikipedia.org/wiki/The_Tinker%27s_Wedding
1345,https://en.wikipedia.org/wiki/Le_Cur%C3%A9_de_Tours
1350,https://en.wikipedia.org/wiki/Le_M%C3%A9decin_de_campagne
1369,https://en.wikipedia.org/wiki/La_Fausse_Ma%C3%AEtresse
1403,https://en.wikipedia.org/wiki/Un_d%C3%A9but_dans_la_vie
1412,"https://en.wikipedia.org/wiki/Masterman_Ready,_or_the_Wreck_of_the_Pacific"
1426,https://en.wikipedia.org/wiki/Le_R%C3%A9quisitionnaire
1428,https://en.wikipedia.org/wiki/La_Grenadi%C3%A8re
1432,https://en.wikipedia.org/wiki/S%C3%A9raph%C3%AEta
1433,https://en.wikipedia.org/wiki/L%27Auberge_rouge_(short_story)
1454,https://en.wikipedia.org/wiki/Ma%C3%AEtre_Corn%C3%A9lius
1456,https://en.wikipedia.org/wiki/Un_%C3%A9pisode_sous_la_Terreur
1473,https://en.wikipedia.org/wiki/The_Absentee_(novel)
1474,https://en.wikipedia.org/wiki/L%27illustre_Gaudissart
1480,https://en.wikipedia.org/wiki/Tom_Brown%27s_School_Days
1500,"https://en.wikipedia.org/wiki/Henry_VI,_Part_1"
1501,"https://en.wikipedia.org/wiki/Henry_VI,_Part_2"
1502,"https://en.wikipedia.org/wiki/Henry_VI,_Part_3"
1510,https://en.wikipedia.org/wiki/Love%27s_Labour%27s_Lost
1514,https://en.wikipedia.org/wiki/A_Midsummer_Night%27s_Dream
1516,"https://en.wikipedia.org/wiki/Henry_IV,_Part_1"
1518,"https://en.wikipedia.org/wiki/Henry_IV,_Part_2"
1529,https://en.wikipedia.org/wiki/All%27s_Well_That_Ends_Well
1537,"https://en.wikipedia.org/wiki/Pericles,_Prince_of_Tyre"
1539,https://en.wikipedia.org/wiki/The_Winter%27s_Tale
1543,https://en.wikipedia.org/wiki/A_Lover%27s_Complaint
1553,https://en.wikipedia.org/wiki/Le_Chef-d%27%C5%93uvre_inconnu
1555,https://en.wikipedia.org/wiki/Une_passion_dans_le_d%C3%A9sert
1569,https://en.wikipedia.org/wiki/Le_Lys_dans_la_vall%C3%A9e
1581,https://en.wikipedia.org/wiki/Douay%E2%80%93Rheims_Bible
1582,https://en.wikipedia.org/wiki/Douay%E2%80%93Rheims_Bible
1597,https://en.wikipedia.org/wiki/Fairy_Tales_Told_for_Children._First_Collection.
1609,https://en.wikipedia.org/wiki/Douay%E2%80%93Rheims_Bible
1659,https://en.wikipedia.org/wiki/La_Fille_aux_yeux_d%27or
1660,https://en.wikipedia.org/wiki/Splendeurs_et_mis%C3%A8res_des_courtisanes
1670,https://en.wikipedia.org/wiki/Luther%27s_Small_Catechism
1678,https://en.wikipedia.org/wiki/Une_t%C3%A9n%C3%A9breuse_affaire
1700,https://en.wikipedia.org/wiki/The_Life_of_Charlotte_Bront%C3%AB
1710,https://en.wikipedia.org/wiki/La_Grande_Bret%C3%A8che
1715,https://en.wikipedia.org/wiki/Eug%C3%A9nie_Grandet
1722,https://en.wikipedia.org/wiki/Luther%27s_Large_Catechism
1730,"https://en.wikipedia.org/wiki/Michael,_Brother_of_Jerry"
1765,"https://en.wikipedia.org/wiki/Henry_VI,_Part_1"
1774,https://en.wikipedia.org/wiki/Love%27s_Labour%27s_Lost
1778,https://en.wikipedia.org/wiki/A_Midsummer_Night%27s_Dream
1780,"https://en.wikipedia.org/wiki/Henry_IV,_Part_1"
1782,"https://en.wikipedia.org/wiki/Henry_IV,_Part_2"
1791,https://en.wikipedia.org/wiki/All%27s_Well_That_Ends_Well
1800,https://en.wikipedia.org/wiki/The_Winter%27s_Tale
1813,https://en.wikipedia.org/wiki/Un_homme_d%27affaires
1827,https://en.wikipedia.org/wiki/The_Life_of_Charlotte_Bront%C3%AB
1848,https://en.wikipedia.org/wiki/Montezuma%27s_Daughter
1880,"https://en.wikipedia.org/wiki/The_Pathfinder,_or_The_Inland_Sea"
1892,https://en.wikipedia.org/wiki/Extracts_from_Adam%27s_Diary
1905,"https://en.wikipedia.org/wiki/The_Governess%3B_or,_The_Little_Female_Academy"
1940,https://en.wikipedia.org/wiki/J%C3%A9sus-Christ_en_Flandre
1941,https://en.wikipedia.org/wiki/M%C3%A9moires_de_deux_jeunes_mari%C3%A9es
1942,https://en.wikipedia.org/wiki/C%C3%A9sar_Birotteau
1957,https://en.wikipedia.org/wiki/B%C3%A9atrix
1968,https://en.wikipedia.org/wiki/La_Com%C3%A9die_humaine
1977,https://en.wikipedia.org/wiki/Ph%C3%A8dre
1982,https://en.wikipedia.org/wiki/Rash%C5%8Dmon_(short_story)
1985,https://en.wikipedia.org/wiki/Men%27s_Wives
1997,https://en.wikipedia.org/wiki/Divine_Comedy
2048,"https://en.wikipedia.org/wiki/The_Sketch_Book_of_Geoffrey_Crayon,_Gent."
2052,"https://en.wikipedia.org/wiki/Every-body%27s_Business,_Is_No-body%27s_Business"
2078,https://en.wikipedia.org/wiki/Tha%C3%AFs_(novel)
2101,"https://en.wikipedia.org/wiki/History_of_Friedrich_II._of_Prussia,_Called_Frederick_the_Great"
2102,"https://en.wikipedia.org/wiki/History_of_Friedrich_II._of_Prussia,_Called_Frederick_the_Great"
2103,"https://en.wikipedia.org/wiki/History_of_Friedrich_II._of_Prussia,_Called_Frederick_the_Great"
2104,"https://en.wikipedia.org/wiki/History_of_Friedrich_II._of_Prussia,_Called_Frederick_the_Great"
2105,"https://en.wikipedia.org/wiki/History_of_Friedrich_II._of_Prussia,_Called_Frederick_the_Great"
2106,"https://en.wikipedia.org/wiki/History_of_Friedrich_II._of_Prussia,_Called_Frederick_the_Great"
2107,"https://en.wikipedia.org/wiki/History_of_Friedrich_II._of_Prussia,_Called_Frederick_the_Great"
2108,"https://en.wikipedia.org/wiki/History_of_Friedrich_II._of_Prussia,_Called_Frederick_the_Great"
2109,"https://en.wikipedia.org/wiki/History_of_Friedrich_II._of_Prussia,_Called_Frederick_the_Great"
2110,"https://en.wikipedia.org/wiki/History_of_Friedrich_II._of_Prussia,_Called_Frederick_the_Great"
2111,"https://en.wikipedia.org/wiki/History_of_Friedrich_II._of_Prussia,_Called_Frederick_the_Great"
2112,"https://en.wikipedia.org/wiki/History_of_Friedrich_II._of_Prussia,_Called_Frederick_the_Great"
2113,"https://en.wikipedia.org/wiki/History_of_Friedrich_II._of_Prussia,_Called_Frederick_the_Great"
2114,"https://en.wikipedia.org/wiki/History_of_Friedrich_II._of_Prussia,_Called_Frederick_the_Great"
2115,"https://en.wikipedia.org/wiki/History_of_Friedrich_II._of_Prussia,_Called_Frederick_the_Great"
2116,"https://en.wikipedia.org/wiki/History_of_Friedrich_II._of_Prussia,_Called_Frederick_the_Great"
2117,"https://en.wikipedia.org/wiki/History_of_Friedrich_II._of_Prussia,_Called_Frederick_the_Great"
2118,"https://en.wikipedia.org/wiki/History_of_Friedrich_II._of_Prussia,_Called_Frederick_the_Great"
2119,"https://en.wikipedia.org/wiki/History_of_Friedrich_II._of_Prussia,_Called_Frederick_the_Great"
2120,"https://en.wikipedia.org/wiki/History_of_Friedrich_II._of_Prussia,_Called_Frederick_the_Great"
2121,"https://en.wikipedia.org/wiki/History_of_Friedrich_II._of_Prussia,_Called_Frederick_the_Great"
2122,"https://en.wikipedia.org/wiki/History_of_Friedrich_II._of_Prussia,_Called_Frederick_the_Great"
2138,https://en.wikipedia.org/wiki/The_Day%27s_Work
2166,https://en.wikipedia.org/wiki/King_Solomon%27s_Mines
2189,https://de.wikipedia.org/wiki/Der_G%E2%80%99wissenswurm
2190,"https://de.wikipedia.org/wiki/Isabella_von_%C3%84gypten,_Kaiser_Karl_des_F%C3%BCnften_erste_Jugendliebe"
2229,https://de.wikipedia.org/wiki/Faust._Eine_Trag%C3%B6die
2229,"https://en.wikipedia.org/wiki/Faust,_Part_One"
2230,https://de.wikipedia.org/wiki/Faust._Der_Trag%C3%B6die_zweiter_Teil
2230,"https://en.wikipedia.org/wiki/Faust,_Part_Two"
2241,https://en.wikipedia.org/wiki/Love%27s_Labour%27s_Lost
2242,https://en.wikipedia.org/wiki/A_Midsummer_Night%27s_Dream
2246,https://en.wikipedia.org/wiki/All%27s_Well_That_Ends_Well
2248,https://en.wikipedia.org/wiki/The_Winter%27s_Tale
2251,"https://en.wikipedia.org/wiki/Henry_IV,_Part_1"
2252,"https://en.wikipedia.org/wiki/Henry_IV,_Part_2"
2254,"https://en.wikipedia.org/wiki/Henry_VI,_Part_1"
2255,"https://en.wikipedia.org/wiki/Henry_VI,_Part_2"
2256,"https://en.wikipedia.org/wiki/Henry_VI,_Part_3"
2319,https://en.wikipedia.org/wiki/West%E2%80%93%C3%B6stlicher_Divan
2321,https://en.wikipedia.org/wiki/G%C3%B6tz_von_Berlichingen_(Goethe)
2335,https://en.wikipedia.org/wiki/Wilhelm_Meister%27s_Apprenticeship
2336,https://en.wikipedia.org/wiki/Wilhelm_Meister%27s_Apprenticeship
2337,https://en.wikipedia.org/wiki/Wilhelm_Meister%27s_Apprenticeship
2338,https://en.wikipedia.org/wiki/Wilhelm_Meister%27s_Apprenticeship
2339,https://en.wikipedia.org/wiki/Wilhelm_Meister%27s_Apprenticeship
2340,https://en.wikipedia.org/wiki/Wilhelm_Meister%27s_Apprenticeship
2341,https://en.wikipedia.org/wiki/Wilhelm_Meister%27s_Apprenticeship
2342,https://en.wikipedia.org/wiki/Wilhelm_Meister%27s_Apprenticeship
2349,https://en.wikipedia.org/wiki/The_Adventure_of_the_Devil%27s_Foot
2409,https://en.wikipedia.org/wiki/Wilhelm_Meister%27s_Journeyman_Years
2410,https://en.wikipedia.org/wiki/Wilhelm_Meister%27s_Journeyman_Years
2411,https://en.wikipedia.org/wiki/Wilhelm_Meister%27s_Journeyman_Years
2414,https://en.wikipedia.org/wiki/Clig%C3%A8s
2419,https://fr.wikipedia.org/wiki/La_Dame_aux_cam%C3%A9lias
2421,https://en.wikipedia.org/wiki/The_Beggar%27s_Opera
2462,https://en.wikipedia.org/wiki/Do%C3%B1a_Perfecta
2469,https://en.wikipedia.org/wiki/List_of_La_Com%C3%A9die_humaine_characters
2522,https://en.wikipedia.org/wiki/A_Dark_Night%27s_Work
2536,https://en.wikipedia.org/wiki/Amphitryon_(Moli%C3%A8re_play)
2542,https://en.wikipedia.org/wiki/A_Doll%27s_House
2568,https://en.wikipedia.org/wiki/Trent%27s_Last_Case_(novel)
2569,https://en.wikipedia.org/wiki/The_Day%27s_Work
2591,https://en.wikipedia.org/wiki/Grimms%27_Fairy_Tales
2602,https://en.wikipedia.org/wiki/Queen_Sheba%27s_Ring
2607,"https://en.wikipedia.org/wiki/Psmith,_Journalist"
2650,https://fr.wikipedia.org/wiki/Du_c%C3%B4t%C3%A9_de_chez_Swann
2679,https://en.wikipedia.org/wiki/I%27m_Nobody!_Who_are_you%3F
2713,https://en.wikipedia.org/wiki/Maiwa%27s_Revenge
2727,https://en.wikipedia.org/wiki/Allan%27s_Wife_and_Other_Tales
2763,https://en.wikipedia.org/wiki/The_World%27s_Desire
2806,https://en.wikipedia.org/wiki/The_Phantom_%27Rickshaw_and_Other_Tales
2880,https://en.wikipedia.org/wiki/A_Blot_in_the_%27Scutcheon
2931,https://en.wikipedia.org/wiki/Man%27s_Place_in_Nature
2997,https://en.wikipedia.org/wiki/Time%27s_Laughingstocks_and_Other_Verses
3006,https://en.wikipedia.org/wiki/Stalky_%26_Co.
3021,https://en.wikipedia.org/wiki/A_Boy%27s_Will
3023,"https://en.wikipedia.org/wiki/Faust,_Part_One"
3047,https://en.wikipedia.org/wiki/Life%27s_Little_Ironies
3065,https://de.wikipedia.org/wiki/R%C3%B6mische_Geschichte_(Theodor_Mommsen)
3097,https://en.wikipedia.org/wiki/The_Wanderer%27s_Necklace
3133,"https://en.wikipedia.org/wiki/Baddeck,_and_That_Sort_of_Thing"
3172,https://en.wikipedia.org/wiki/Fenimore_Cooper%27s_Literary_Offenses
3174,https://en.wikipedia.org/wiki/A_Dog%27s_Tale
3175,https://en.wikipedia.org/wiki/Mark_Twain%27s_(Burlesque)_Autobiography_and_First_Romance
3327,https://en.wikipedia.org/wiki/Bulfinch%27s_Mythology
3333,https://en.wikipedia.org/wiki/Os_Lus%C3%ADadas
3364,https://en.wikipedia.org/wiki/Dr._Breen%27s_Practice
3375,https://en.wikipedia.org/wiki/The_Landlord_at_Lion%27s_Head
3376,https://en.wikipedia.org/wiki/The_Landlord_at_Lion%27s_Head
3418,https://en.wikipedia.org/wiki/Captain_Brassbound%27s_Conversion
3484,https://en.wikipedia.org/wiki/O%27Flaherty_V.C.
3485,"https://en.wikipedia.org/wiki/Annajanska,_the_Bolshevik_Empress"
3495,https://en.wikipedia.org/wiki/The_King_of_Ireland%27s_Son
3499,https://en.wikipedia.org/wiki/Jo%27s_Boys
3529,"https://en.wikipedia.org/wiki/Letters_Written_in_Sweden,_Norway,_and_Denmark"
3612,https://en.wikipedia.org/wiki/John_Bull%27s_Other_Island
3621,https://en.wikipedia.org/wiki/Peg_o%27_My_Heart_(play)
3622,https://en.wikipedia.org/wiki/The_Duke%27s_Children
3638,https://en.wikipedia.org/wiki/The_Devil%27s_Disciple_(play)
3645,https://en.wikipedia.org/wiki/L%27%C3%89tourdi_ou_les_Contretemps
3655,https://en.wikipedia.org/wiki/The_Parent%27s_Assistant
3681,https://en.wikipedia.org/wiki/Mr._Crewe%27s_Career
3682,https://en.wikipedia.org/wiki/Mr._Crewe%27s_Career
3683,https://en.wikipedia.org/wiki/Mr._Crewe%27s_Career
3684,https://en.wikipedia.org/wiki/Mr._Crewe%27s_Career
3748,https://en.wikipedia.org/wiki/Journey_to_the_Centre_of_the_Earth
3771,https://en.wikipedia.org/wiki/Cynthia%27s_Revels
3800,https://en.wikipedia.org/wiki/Spinoza%27s_Ethics
3804,https://en.wikipedia.org/wiki/Pierre_and_Jean
3991,https://en.wikipedia.org/wiki/Madame_Chrysanth%C3%A8me_(novel)
3992,https://en.wikipedia.org/wiki/Madame_Chrysanth%C3%A8me_(novel)
3993,https://en.wikipedia.org/wiki/Madame_Chrysanth%C3%A8me_(novel)
3994,https://en.wikipedia.org/wiki/Madame_Chrysanth%C3%A8me_(novel)
3995,https://en.wikipedia.org/wiki/Madame_Chrysanth%C3%A8me_(novel)
4011,"https://en.wikipedia.org/wiki/Epic%C5%93ne,_or_The_Silent_Woman"
4014,"https://en.wikipedia.org/wiki/Ars%C3%A8ne_Lupin,_Gentleman_Burglar"
4224,https://en.wikipedia.org/wiki/Mr_Hogarth%27s_Will
4278,https://en.wikipedia.org/wiki/An_Introduction_to_Yoga
4281,https://en.wikipedia.org/wiki/Helen%27s_Babies_(novel)
4297,https://en.wikipedia.org/wiki/Eve%27s_Ransom
4299,https://en.wikipedia.org/wiki/The_Whirlpool_(Gissing_novel)
4312,https://en.wikipedia.org/wiki/A_Life%27s_Morning
4344,https://en.wikipedia.org/wiki/The_Captain%27s_Daughter
4453,https://en.wikipedia.org/wiki/Beauchamp%27s_Career
4454,https://en.wikipedia.org/wiki/Beauchamp%27s_Career
4455,https://en.wikipedia.org/wiki/Beauchamp%27s_Career
4456,https://en.wikipedia.org/wiki/Beauchamp%27s_Career
4457,https://en.wikipedia.org/wiki/Beauchamp%27s_Career
4458,https://en.wikipedia.org/wiki/Beauchamp%27s_Career
4459,https://en.wikipedia.org/wiki/Beauchamp%27s_Career
4460,https://en.wikipedia.org/wiki/Beauchamp%27s_Career
4502,https://de.wikipedia.org/wiki/Die_mehreren_Wehm%C3%BCller_und_ungarischen_Nationalgesichter
4503,https://de.wikipedia.org/wiki/Geschichte_vom_braven_Kasperl_und_dem_sch%C3%B6nen_Annerl
4503,https://en.wikipedia.org/wiki/Geschichte_vom_braven_Kasperl_und_dem_sch%C3%B6nen_Annerl
4504,https://de.wikipedia.org/wiki/Aus_der_Chronika_eines_fahrenden_Sch%C3%BClers
4505,https://de.wikipedia.org/wiki/Die_drei_N%C3%BCsse_(Brentano)
4520,https://en.wikipedia.org/wiki/Aaron%27s_Rod_(novel)
4534,https://en.wikipedia.org/wiki/Sylvia%27s_Lovers
4535,https://en.wikipedia.org/wiki/Sylvia%27s_Lovers
4536,https://en.wikipedia.org/wiki/Sylvia%27s_Lovers
4537,https://en.wikipedia.org/wiki/Sylvia%27s_Lovers
4554,https://en.wikipedia.org/wiki/Lovers%27_Vows
4559,https://en.wikipedia.org/wiki/Poil_de_Carotte
4603,https://en.wikipedia.org/wiki/In_the_Wilderness_(Hichens_novel)
4645,https://en.wikipedia.org/wiki/The_Landlord_at_Lion%27s_Head
4649,https://en.wikipedia.org/wiki/Microm%C3%A9gas
4649,https://fr.wikipedia.org/wiki/Microm%C3%A9gas
4651,https://en.wikipedia.org/wiki/L%27Ing%C3%A9nu
4674,https://en.wikipedia.org/wiki/Tennessee%27s_Partner_(short_story)
4709,https://en.wikipedia.org/wiki/Brewster%27s_Millions
4718,https://fr.wikipedia.org/wiki/Histoire_des_voyages_de_Scarmentado_%C3%A9crite_par_lui-m%C3%AAme
4747,https://en.wikipedia.org/wiki/The_River%27s_End_(novel)
4748,"https://en.wikipedia.org/wiki/Baree,_Son_of_Kazan"
4791,https://en.wikipedia.org/wiki/Journey_to_the_Centre_of_the_Earth
4917,https://en.wikipedia.org/wiki/The_Kellys_and_the_O%27Kellys
4925,https://en.wikipedia.org/wiki/Bulfinch%27s_Mythology
4928,https://en.wikipedia.org/wiki/Bulfinch%27s_Mythology
4968,https://en.wikipedia.org/wiki/The_Begum%27s_Fortune
4968,https://fr.wikipedia.org/wiki/Les_Cinq_Cents_Millions_de_la_B%C3%A9gum
5069,https://en.wikipedia.org/wiki/The_Doctor%27s_Dilemma_(play)
5070,https://en.wikipedia.org/wiki/The_Doctor%27s_Dilemma_(play)
5072,https://en.wikipedia.org/wiki/Danton%27s_Death
5082,https://fr.wikipedia.org/wiki/Le_Ch%C3%A2teau_des_Carpathes
5085,https://en.wikipedia.org/wiki/Characters_of_Shakespear%27s_Plays
5126,https://fr.wikipedia.org/wiki/Robur-le-Conqu%C3%A9rant
5131,https://en.wikipedia.org/wiki/Childe_Harold%27s_Pilgrimage
5147,https://fr.wikipedia.org/wiki/Le_Jardin_d%27%C3%89picure
5154,https://en.wikipedia.org/wiki/La_B%C3%AAte_humaine
5154,https://fr.wikipedia.org/wiki/La_B%C3%AAte_humaine
5155,https://en.wikipedia.org/wiki/Caesar%27s_Column
5168,https://en.wikipedia.org/wiki/The_Land_of_Heart%27s_Desire
5178,https://fr.wikipedia.org/wiki/Le_Mariage_forc%C3%A9
5180,https://en.wikipedia.org/wiki/United_States_v._American_Library_Ass%27n
5229,https://en.wikipedia.org/wiki/Felix_O%27Day_(novel)
5247,https://en.wikipedia.org/wiki/The_Old_Wives%27_Tale
5256,"https://en.wikipedia.org/wiki/The_Life_and_Death_of_Jonathan_Wild,_the_Great"
5260,"https://en.wikipedia.org/wiki/A_Duet,_with_an_Occasional_Chorus"
5314,https://en.wikipedia.org/wiki/Grimms%27_Fairy_Tales
5318,https://en.wikipedia.org/wiki/Les_Pr%C3%A9cieuses_ridicules
5318,https://fr.wikipedia.org/wiki/Les_Pr%C3%A9cieuses_ridicules
5325,https://de.wikipedia.org/wiki/R%C3%B6mische_Elegien
5427,"https://en.wikipedia.org/wiki/Emile,_or_On_Education"
5670,https://en.wikipedia.org/wiki/Jacob%27s_Room
5698,https://en.wikipedia.org/wiki/Fanny%27s_First_Play
5765,https://en.wikipedia.org/wiki/Insectivorous_Plants
5872,https://en.wikipedia.org/wiki/Cashel_Byron%27s_Profession
5984,"https://en.wikipedia.org/wiki/Constitution_Act,_1867"
6032,https://en.wikipedia.org/wiki/De_la_Conqu%C3%AAte_de_Constantinople
6079,https://de.wikipedia.org/wiki/Deutschland._Ein_Winterm%C3%A4rchen
6079,https://en.wikipedia.org/wiki/Germany._A_Winter%27s_Tale
6124,"https://en.wikipedia.org/wiki/Pamela%3B_or,_Virtue_Rewarded"
6133,"https://en.wikipedia.org/wiki/Ars%C3%A8ne_Lupin,_Gentleman_Burglar"
6237,"https://en.wikipedia.org/wiki/The_Lane_that_Had_No_Turning,_and_Other_Tales_Concerning_the_People_of_Pontiac"
6238,"https://en.wikipedia.org/wiki/The_Lane_that_Had_No_Turning,_and_Other_Tales_Concerning_the_People_of_Pontiac"
6239,"https://en.wikipedia.org/wiki/The_Lane_that_Had_No_Turning,_and_Other_Tales_Concerning_the_People_of_Pontiac"
6240,"https://en.wikipedia.org/wiki/The_Lane_that_Had_No_Turning,_and_Other_Tales_Concerning_the_People_of_Pontiac"
6241,"https://en.wikipedia.org/wiki/The_Lane_that_Had_No_Turning,_and_Other_Tales_Concerning_the_People_of_Pontiac"
6341,https://de.wikipedia.org/wiki/Nachtst%C3%BCcke_(Hoffmann)
6377,https://en.wikipedia.org/wiki/Tha%C3%AFs_(novel)
6384,https://en.wikipedia.org/wiki/That_Printer_of_Udell%27s
6484,https://en.wikipedia.org/wiki/Ch%C3%A9ri_(novel)
6497,https://en.wikipedia.org/wiki/L%27Assommoir
6499,https://de.wikipedia.org/wiki/Die_Verschw%C3%B6rung_des_Fiesco_zu_Genua
6501,https://en.wikipedia.org/wiki/Suppl%C3%A9ment_au_voyage_de_Bougainville
6501,https://fr.wikipedia.org/wiki/Suppl%C3%A9ment_au_Voyage_de_Bougainville
6504,"https://de.wikipedia.org/wiki/Der_Parasit_oder_Die_Kunst,_sein_Gl%C3%BCck_zu_machen"
6558,https://en.wikipedia.org/wiki/La_Faute_de_l%27Abb%C3%A9_Mouret
6558,https://fr.wikipedia.org/wiki/La_Faute_de_l%27abb%C3%A9_Mouret
6562,https://en.wikipedia.org/wiki/Les_Pr%C3%A9cieuses_ridicules
6563,https://en.wikipedia.org/wiki/L%27%C3%89tourdi_ou_les_Contretemps
6571,https://en.wikipedia.org/wiki/At_the_Sign_of_the_Reine_P%C3%A9dauque
6593,"https://en.wikipedia.org/wiki/The_History_of_Tom_Jones,_a_Foundling"
6598,https://en.wikipedia.org/wiki/The_American_Woman%27s_Home
6626,https://en.wikipedia.org/wiki/Th%C3%A9r%C3%A8se_Raquin
6637,https://de.wikipedia.org/wiki/Der_Alpenk%C3%B6nig_und_der_Menschenfeind
6638,https://de.wikipedia.org/wiki/M%C3%A4rchen-Almanach_auf_das_Jahr_1826
6639,https://de.wikipedia.org/wiki/M%C3%A4rchen-Almanach_auf_das_Jahr_1827
6640,https://de.wikipedia.org/wiki/M%C3%A4rchenalmanach_auf_das_Jahr_1828
6643,https://de.wikipedia.org/wiki/Das_M%C3%A4dchen_aus_der_Feenwelt_oder_Der_Bauer_als_Million%C3%A4r
6646,https://en.wikipedia.org/wiki/Das_K%C3%A4thchen_von_Heilbronn
6698,https://de.wikipedia.org/wiki/Ph%C3%A4nomenologie_des_Geistes
6707,https://en.wikipedia.org/wiki/St_Patrick%27s_Day_(play)
6737,https://en.wikipedia.org/wiki/Noli_Me_T%C3%A1ngere_(novel)
6759,"https://en.wikipedia.org/wiki/The_Adventures_of_Ferdinand,_Count_Fathom"
6760,"https://en.wikipedia.org/wiki/The_Adventures_of_Ferdinand,_Count_Fathom"
6761,"https://en.wikipedia.org/wiki/The_Adventures_of_Ferdinand,_Count_Fathom"
6819,https://de.wikipedia.org/wiki/Der_Engl%C3%A4nder_%E2%80%93_Eine_dramatische_Phantasey
6838,https://fr.wikipedia.org/wiki/Le_Dernier_Jour_d%27un_condamn%C3%A9
6877,https://en.wikipedia.org/wiki/The_Head_of_Kay%27s
6980,https://en.wikipedia.org/wiki/Tales_of_St._Austin%27s
6985,https://en.wikipedia.org/wiki/A_Prefect%27s_Uncle
6994,https://fr.wikipedia.org/wiki/Han_d%27Islande
7011,https://en.wikipedia.org/wiki/L%27Inondation
7022,https://en.wikipedia.org/wiki/A_Midsummer_Night%27s_Dream
7041,https://de.wikipedia.org/wiki/Wie_es_euch_gef%C3%A4llt
7052,https://en.wikipedia.org/wiki/Dr._Heidenhoff%27s_Process
7206,https://de.wikipedia.org/wiki/Die_Geburt_der_Trag%C3%B6die_aus_dem_Geiste_der_Musik
7207,"https://de.wikipedia.org/wiki/Menschliches,_Allzumenschliches"
7207,"https://en.wikipedia.org/wiki/Human,_All_Too_Human"
7214,https://en.wikipedia.org/wiki/Pan_(Hamsun_novel)
7225,https://de.wikipedia.org/wiki/Die_Kom%C3%B6die_der_Irrungen
7241,https://en.wikipedia.org/wiki/La_Fontaine%27s_Fables
7242,https://en.wikipedia.org/wiki/A_Connecticut_Yankee_in_King_Arthur%27s_Court
7243,https://en.wikipedia.org/wiki/A_Connecticut_Yankee_in_King_Arthur%27s_Court
7244,https://en.wikipedia.org/wiki/A_Connecticut_Yankee_in_King_Arthur%27s_Court
7245,https://en.wikipedia.org/wiki/A_Connecticut_Yankee_in_King_Arthur%27s_Court
7246,https://en.wikipedia.org/wiki/A_Connecticut_Yankee_in_King_Arthur%27s_Court
7247,https://en.wikipedia.org/wiki/A_Connecticut_Yankee_in_King_Arthur%27s_Court
7248,https://en.wikipedia.org/wiki/A_Connecticut_Yankee_in_King_Arthur%27s_Court
7249,https://en.wikipedia.org/wiki/A_Connecticut_Yankee_in_King_Arthur%27s_Court
7250,https://en.wikipedia.org/wiki/A_Connecticut_Yankee_in_King_Arthur%27s_Court
7264,https://en.wikipedia.org/wiki/A_Midsummer_Night%27s_Dream
7277,https://en.wikipedia.org/wiki/The_Langs%27_Fairy_Books
7359,https://en.wikipedia.org/wiki/Indian_Summer_(Howells_novel)
7443,https://en.wikipedia.org/wiki/Windy_McPherson%27s_Son
7444,https://en.wikipedia.org/wiki/Psych%C3%A9_(play)
7461,https://en.wikipedia.org/wiki/Th%C3%A9r%C3%A8se_Raquin
7461,https://fr.wikipedia.org/wiki/Th%C3%A9r%C3%A8se_Raquin
7462,https://fr.wikipedia.org/wiki/Contes_%C3%A0_Ninon
7810,https://de.wikipedia.org/wiki/Schatzk%C3%A4stlein_des_rheinischen_Hausfreundes
7858,https://de.wikipedia.org/wiki/L%E2%80%99Arrabbiata
7859,https://de.wikipedia.org/wiki/Der_Diamant_des_Geisterk%C3%B6nigs
7875,https://de.wikipedia.org/wiki/R%C3%B6mische_Elegien
7933,"https://en.wikipedia.org/wiki/Henry_IV,_Part_1"
7939,https://de.wikipedia.org/wiki/Die_Huldigung_der_K%C3%BCnste
7939,https://en.wikipedia.org/wiki/Die_Huldigung_der_K%C3%BCnste
8101,https://en.wikipedia.org/wiki/Bertram_Cope%27s_Year
8126,https://en.wikipedia.org/wiki/Indian_Summer_(Stifter_novel)
8129,https://en.wikipedia.org/wiki/A_Dreamer%27s_Tales
8174,https://en.wikipedia.org/wiki/K%C3%A9raban_the_Inflexible
8175,https://en.wikipedia.org/wiki/K%C3%A9raban_the_Inflexible
8300,https://en.wikipedia.org/wiki/Douay%E2%80%93Rheims_Bible
8343,https://en.wikipedia.org/wiki/Douay%E2%80%93Rheims_Bible
8395,https://en.wikipedia.org/wiki/The_Gods_of_Peg%C4%81na
8416,https://fr.wikipedia.org/wiki/Nouveaux_contes_%C3%A0_Ninon
8453,https://fr.wikipedia.org/wiki/Actes_et_paroles_-_Pendant_l%27exil
8525,https://en.wikipedia.org/wiki/Eve%27s_Diary
8526,https://en.wikipedia.org/wiki/Eve%27s_Diary
8528,https://en.wikipedia.org/wiki/Eve%27s_Diary
8558,https://en.wikipedia.org/wiki/L%27Assommoir
8561,https://en.wikipedia.org/wiki/Une_page_d%27amour
8561,https://fr.wikipedia.org/wiki/Une_page_d%27amour
8563,https://fr.wikipedia.org/wiki/La_Terre_(%C3%89mile_Zola)
8597,https://en.wikipedia.org/wiki/A_Sportsman%27s_Sketches
8600,https://en.wikipedia.org/wiki/L%27Assommoir
8712,https://en.wikipedia.org/wiki/La_Conqu%C3%AAte_de_Plassans
8712,https://fr.wikipedia.org/wiki/La_Conqu%C3%AAte_de_Plassans
8744,https://en.wikipedia.org/wiki/A_Sportsman%27s_Sketches
8774,"https://en.wikipedia.org/wiki/Poems,_in_Two_Volumes"
8775,https://en.wikipedia.org/wiki/Les_Feuilles_d%27automne
8824,"https://en.wikipedia.org/wiki/Poems,_in_Two_Volumes"
8914,"https://en.wikipedia.org/wiki/England,_My_England_and_Other_Stories"
8919,https://de.wikipedia.org/wiki/Pole_Poppensp%C3%A4ler
8926,https://de.wikipedia.org/wiki/In_St._J%C3%BCrgen
8954,https://en.wikipedia.org/wiki/Lady_Audley%27s_Secret
9044,"https://de.wikipedia.org/wiki/Weh_dem,_der_l%C3%BCgt!"
9045,https://de.wikipedia.org/wiki/Die_J%C3%BCdin_von_Toledo_(B%C3%BChnenst%C3%BCck)
9046,https://en.wikipedia.org/wiki/King_Ottocar%3A_His_Rise_and_Fall
9085,https://de.wikipedia.org/wiki/Das_M%C3%A4dchen_von_Treppi
9097,https://en.wikipedia.org/wiki/Robert%27s_Rules_of_Order
9150,"https://en.wikipedia.org/wiki/Dick_Sand,_A_Captain_at_Fifteen"
9235,https://en.wikipedia.org/wiki/A_Virtuoso%27s_Collection
9241,"https://en.wikipedia.org/wiki/The_Snow-Image,_and_Other_Twice-Told_Tales"
9242,"https://en.wikipedia.org/wiki/The_Snow-Image,_and_Other_Twice-Told_Tales"
9301,https://en.wikipedia.org/wiki/Ranald_Bannerman%27s_Boyhood
9327,https://de.wikipedia.org/wiki/Die_z%C3%A4rtlichen_Schwestern
9489,https://en.wikipedia.org/wiki/Michael_O%27Halloran_(novel)
9494,https://de.wikipedia.org/wiki/Der_Schu%C3%9F_von_der_Kanzel
9495,https://de.wikipedia.org/wiki/Die_Hochzeit_des_M%C3%B6nchs
9499,https://en.wikipedia.org/wiki/Le_R%C3%AAve_(novel)
9629,https://en.wikipedia.org/wiki/Ghost_Stories_of_an_Antiquary
9756,"https://en.wikipedia.org/wiki/Leila%3B_or,_The_Siege_of_Granada"
9757,"https://en.wikipedia.org/wiki/Leila%3B_or,_The_Siege_of_Granada"
9758,"https://en.wikipedia.org/wiki/Leila%3B_or,_The_Siege_of_Granada"
9759,"https://en.wikipedia.org/wiki/Leila%3B_or,_The_Siege_of_Granada"
9760,"https://en.wikipedia.org/wiki/Leila%3B_or,_The_Siege_of_Granada"
9761,"https://en.wikipedia.org/wiki/Leila%3B_or,_The_Siege_of_Granada"
9826,https://en.wikipedia.org/wiki/Homeward_Bound%3B_or_The_Chase%3A_A_Tale_of_the_Sea
9828,https://sv.wikipedia.org/wiki/Barnen_ifr%C3%A5n_Frostmofj%C3%A4llet
9880,https://en.wikipedia.org/wiki/The_Woman%27s_Bible
10059,https://en.wikipedia.org/wiki/Aunt_Jane%27s_Nieces_on_Vacation
10123,https://en.wikipedia.org/wiki/Aunt_Jane%27s_Nieces
10124,https://en.wikipedia.org/wiki/Aunt_Jane%27s_Nieces_and_Uncle_John
10136,https://en.wikipedia.org/wiki/Mrs._Beeton%27s_Book_of_Household_Management
10150,https://en.wikipedia.org/wiki/Dracula%27s_Guest
10160,https://fr.wikipedia.org/wiki/Pierre_Nozi%C3%A8re
10349,https://en.wikipedia.org/wiki/Journey_to_the_Centre_of_the_Earth
10353,https://de.wikipedia.org/wiki/Satyros_oder_Der_verg%C3%B6tterte_Waldteufel
10359,https://en.wikipedia.org/wiki/Aunt_Jane%27s_Nieces_at_Millville
10432,https://en.wikipedia.org/wiki/Aunt_Jane%27s_Nieces_Out_West
10434,https://en.wikipedia.org/wiki/Wyandott%C3%A9_(novel)
10442,https://fr.wikipedia.org/wiki/La_Com%C3%A9die_de_la_mort
10468,https://en.wikipedia.org/wiki/Aunt_Jane%27s_Nieces_in_Society
10540,https://en.wikipedia.org/wiki/Mother_Carey%27s_Chickens_(novel)
10542,https://en.wikipedia.org/wiki/The_Boats_of_the_%22Glen_Carrig%22
10554,"https://en.wikipedia.org/wiki/Right_Ho,_Jeeves"
10574,https://en.wikipedia.org/wiki/The_History_of_England_(Hume)
10604,https://fr.wikipedia.org/wiki/Les_Affinit%C3%A9s_%C3%A9lectives
10681,https://en.wikipedia.org/wiki/Roget%27s_Thesaurus
10774,https://fr.wikipedia.org/wiki/R%C3%A9cits_d%27un_soldat
10847,https://en.wikipedia.org/wiki/The_Maid%27s_Tragedy
10868,https://en.wikipedia.org/wiki/Cl%C3%A9rambault_(novel)
10941,https://fi.wikipedia.org/wiki/Jumalainen_n%C3%A4ytelm%C3%A4
11027,https://en.wikipedia.org/wiki/Grimms%27_Fairy_Tales
11035,https://en.wikipedia.org/wiki/Aziyad%C3%A9
11035,https://fr.wikipedia.org/wiki/Aziyad%C3%A9
11042,https://de.wikipedia.org/wiki/Isabelle_(Andr%C3%A9_Gide)
11049,https://en.wikipedia.org/wiki/Eug%C3%A9nie_Grandet
11072,https://fi.wikipedia.org/wiki/Jumalainen_n%C3%A4ytelm%C3%A4
11082,https://en.wikipedia.org/wiki/Old_St._Paul%27s_(novel)
11131,https://en.wikipedia.org/wiki/Pierre_and_Jean
11175,https://fr.wikipedia.org/wiki/L%27Inutile_Beaut%C3%A9
11231,"https://en.wikipedia.org/wiki/Bartleby,_the_Scrivener"
11255,https://en.wikipedia.org/wiki/WPA_Slave_Narrative_Collection
11296,https://fi.wikipedia.org/wiki/Ty%C3%B6miehen_vaimo
11323,"https://en.wikipedia.org/wiki/Things_as_They_Are%3B_or,_The_Adventures_of_Caleb_Williams"
11339,https://en.wikipedia.org/wiki/Aesop%27s_Fables
11422,https://en.wikipedia.org/wiki/WPA_Slave_Narrative_Collection
11485,https://en.wikipedia.org/wiki/WPA_Slave_Narrative_Collection
11544,https://en.wikipedia.org/wiki/WPA_Slave_Narrative_Collection
11552,https://en.wikipedia.org/wiki/WPA_Slave_Narrative_Collection
11621,https://fr.wikipedia.org/wiki/Le_Mauvais_G%C3%A9nie
11645,https://en.wikipedia.org/wiki/At_the_Sign_of_the_Reine_P%C3%A9dauque
11645,https://fr.wikipedia.org/wiki/La_R%C3%B4tisserie_de_la_reine_P%C3%A9dauque
11657,https://es.wikipedia.org/wiki/La_ni%C3%B1a_de_Luzmela
11709,https://en.wikipedia.org/wiki/WPA_Slave_Narrative_Collection
11714,https://fr.wikipedia.org/wiki/Contes_de_la_b%C3%A9casse
11747,https://it.wikipedia.org/wiki/Le_%22demi-vierges%22
11773,https://fi.wikipedia.org/wiki/Kullervo_(Kiven_n%C3%A4ytelm%C3%A4)
11882,"https://en.wikipedia.org/wiki/Colonel_Quaritch,_VC"
11913,https://en.wikipedia.org/wiki/Mr_Meeson%27s_Will
11920,https://en.wikipedia.org/wiki/WPA_Slave_Narrative_Collection
11927,https://es.wikipedia.org/wiki/Las_aventuras_del_capit%C3%A1n_Hatteras
11940,https://en.wikipedia.org/wiki/Seitsem%C3%A4n_veljest%C3%A4
12051,"https://en.wikipedia.org/wiki/Dick_Sand,_A_Captain_at_Fifteen"
12055,https://en.wikipedia.org/wiki/WPA_Slave_Narrative_Collection
12083,"https://en.wikipedia.org/wiki/Eric,_or,_Little_by_Little"
12122,https://en.wikipedia.org/wiki/The_Monkey%27s_Paw
12137,https://en.wikipedia.org/wiki/La_L%C3%A9gende_des_si%C3%A8cles
12163,https://en.wikipedia.org/wiki/When_the_Sleeper_Wakes
12221,https://en.wikipedia.org/wiki/Beggars%27_Bush
12297,https://en.wikipedia.org/wiki/WPA_Slave_Narrative_Collection
12338,https://fr.wikipedia.org/wiki/Contes_d%27une_grand-m%C3%A8re
12342,https://en.wikipedia.org/wiki/The_Nuttall_Encyclop%C3%A6dia
12356,https://en.wikipedia.org/wiki/Bref_r%C3%A9cit
12356,https://it.wikipedia.org/wiki/Bref_r%C3%A9cit
12367,https://fr.wikipedia.org/wiki/Le_P%C3%A9ch%C3%A9_de_monsieur_Antoine
12422,https://en.wikipedia.org/wiki/Journal_of_a_Residence_on_a_Georgian_Plantation_in_1838%E2%80%931839
12534,https://fr.wikipedia.org/wiki/Le_P%C3%A9ch%C3%A9_de_monsieur_Antoine
12546,https://fi.wikipedia.org/wiki/Jumalainen_n%C3%A4ytelm%C3%A4
12604,https://fi.wikipedia.org/wiki/Yl%C3%B6snousemus_(Tolstoi)
12660,https://af.wikipedia.org/wiki/Soll_die_plattdeutsche_Sprache_gepflegt_oder_ausgerottet_werden_-_Gegen_Ersteres_und_f%C3%BCr_Letzteres
12683,https://en.wikipedia.org/wiki/Christine_(Elizabeth_von_Arnim_novel)
12688,https://en.wikipedia.org/wiki/The_Tales_of_Ensign_St%C3%A5l
12688,https://fi.wikipedia.org/wiki/V%C3%A4nrikki_Stoolin_tarinat
12757,https://en.wikipedia.org/wiki/The_Tales_of_Ensign_St%C3%A5l
12757,https://fi.wikipedia.org/wiki/V%C3%A4nrikki_Stoolin_tarinat
12779,https://en.wikipedia.org/wiki/Helen_with_the_High_Hand
12783,https://en.wikipedia.org/wiki/M%C3%A9moires_d%27un_%C3%A2ne
12783,https://fr.wikipedia.org/wiki/M%C3%A9moires_d%27un_%C3%A2ne
12796,https://fi.wikipedia.org/wiki/Margareta_(n%C3%A4ytelm%C3%A4)
12824,https://fi.wikipedia.org/wiki/Leo_ja_Liina
12848,https://es.wikipedia.org/wiki/Las_inquietudes_de_Shanti_And%C3%ADa
12950,https://fr.wikipedia.org/wiki/L%27Immortel_(roman)
12958,"https://en.wikipedia.org/wiki/Pamela%3B_or,_Virtue_Rewarded"
12969,https://fr.wikipedia.org/wiki/L%27Auberge_de_l%27Ange_gardien
12979,https://fr.wikipedia.org/wiki/Le_G%C3%A9n%C3%A9ral_Dourakine
12999,https://fr.wikipedia.org/wiki/Le_C%C3%B4t%C3%A9_de_Guermantes
13013,https://fr.wikipedia.org/wiki/Fran%C3%A7ois_le_bossu
13083,https://en.wikipedia.org/wiki/R.U.R.
13110,https://en.wikipedia.org/wiki/Aunt_Jane%27s_Nieces_at_Work
13129,https://en.wikipedia.org/wiki/Helkavirsi%C3%A4
13129,https://fi.wikipedia.org/wiki/Helkavirsi%C3%A4
13141,https://en.wikipedia.org/wiki/Princess_Priscilla%27s_Fortnight
13174,https://fi.wikipedia.org/wiki/Sylvi_(n%C3%A4ytelm%C3%A4)
13217,https://en.wikipedia.org/wiki/WPA_Slave_Narrative_Collection
13264,https://es.wikipedia.org/wiki/Zalaca%C3%ADn_el_aventurero
13338,https://fi.wikipedia.org/wiki/Valehtelijoita%3F
13429,https://en.wikipedia.org/wiki/Nimett%C3%B6mi%C3%A4_lauluja
13440,https://en.wikipedia.org/wiki/Lippincott%27s_Monthly_Magazine
13479,"https://es.wikipedia.org/wiki/Descripci%C3%B3n_geogr%C3%A1fica,_hist%C3%B3rica_y_estad%C3%ADstica_de_Bolivia"
13511,https://en.wikipedia.org/wiki/The_Captain%27s_Daughter
13516,https://es.wikipedia.org/wiki/Expedici%C3%B3n_de_los_catalanes_y_aragoneses_contra_turcos_y_griegos
13547,https://en.wikipedia.org/wiki/The_Rocks_of_Valpr%C3%A9_(novel)
13552,"https://en.wikipedia.org/wiki/Ceylon,_Physical,_Historical_and_Topographical"
13579,https://en.wikipedia.org/wiki/WPA_Slave_Narrative_Collection
13583,https://en.wikipedia.org/wiki/Carlyle%E2%80%93Emerson_correspondence
13592,https://fr.wikipedia.org/wiki/L%27Uscoque
13598,https://fr.wikipedia.org/wiki/Jim_l%E2%80%99Indien
13602,https://en.wikipedia.org/wiki/WPA_Slave_Narrative_Collection
13610,https://en.wikipedia.org/wiki/Studies_in_the_Psychology_of_Sex_Vol._7
13613,https://en.wikipedia.org/wiki/Studies_in_the_Psychology_of_Sex_Vol._7
13614,https://en.wikipedia.org/wiki/Studies_in_the_Psychology_of_Sex_Vol._7
13615,https://en.wikipedia.org/wiki/Studies_in_the_Psychology_of_Sex_Vol._7
13624,https://en.wikipedia.org/wiki/Holinshed%27s_Chronicles
13654,https://fr.wikipedia.org/wiki/Ida_et_Carm%C3%A9lita
13660,https://en.wikipedia.org/wiki/Carlyle%E2%80%93Emerson_correspondence
13682,https://fi.wikipedia.org/wiki/Is%C3%A4nmaa_(romaani)
13695,https://en.wikipedia.org/wiki/Une_page_d%27amour
13700,https://en.wikipedia.org/wiki/WPA_Slave_Narrative_Collection
13704,https://fr.wikipedia.org/wiki/L%27Homme_%C3%A0_l%27oreille_cass%C3%A9e_(roman)
13743,https://fr.wikipedia.org/wiki/Le_C%C3%B4t%C3%A9_de_Guermantes
13765,https://fr.wikipedia.org/wiki/Le_Myst%C3%A8re_de_la_chambre_jaune
13772,https://fr.wikipedia.org/wiki/Les_%C3%89tranges_Noces_de_Rouletabille_(Rouletabille_%C3%A0_la_guerre_II)
13782,https://en.wikipedia.org/wiki/Lady_Rose%27s_Daughter_(novel)
13793,https://en.wikipedia.org/wiki/Nobody%27s_Girl_(novel)
13798,https://en.wikipedia.org/wiki/The_Captain%27s_Daughter
13808,https://fr.wikipedia.org/wiki/L%E2%80%99Assassinat_du_Pont-Rouge
13819,https://fr.wikipedia.org/wiki/Les_Compagnons_de_J%C3%A9hu
13846,https://fr.wikipedia.org/wiki/Discours_de_la_m%C3%A9thode
13847,https://en.wikipedia.org/wiki/WPA_Slave_Narrative_Collection
13851,https://en.wikipedia.org/wiki/La_D%C3%A9b%C3%A2cle
13862,https://en.wikipedia.org/wiki/Rameau%27s_Nephew
13892,https://fr.wikipedia.org/wiki/Le_Meunier_d%27Angibault
13952,https://fr.wikipedia.org/wiki/Vingt_Ans_apr%C3%A8s
13976,https://fi.wikipedia.org/wiki/K%C3%B6yh%C3%A4%C3%A4_kansaa
13985,https://en.wikipedia.org/wiki/V.V.%27s_Eyes
14050,https://fi.wikipedia.org/wiki/Daniel_Hjort_(n%C3%A4ytelm%C3%A4)
14125,https://en.wikipedia.org/wiki/Christopher_Columbus%27s_journal
14156,https://fr.wikipedia.org/wiki/Dictionnaire_des_id%C3%A9es_re%C3%A7ues
14157,https://en.wikipedia.org/wiki/Bouvard_and_P%C3%A9cuchet
14162,https://fr.wikipedia.org/wiki/Les_Tribulations_d%27un_Chinois_en_Chine_(roman)
14200,https://en.wikipedia.org/wiki/La_Faute_de_l%27Abb%C3%A9_Mouret
14251,https://en.wikipedia.org/wiki/L%27%C3%82me_de_Pierre
14287,https://fr.wikipedia.org/wiki/L%27%C3%8Ele_myst%C3%A9rieuse
14305,https://en.wikipedia.org/wiki/Layamon%27s_Brut
14311,https://es.wikipedia.org/wiki/Bail%C3%A9n_(episodio_nacional)
14314,"https://en.wikipedia.org/wiki/Etiquette_in_Society,_in_Business,_in_Politics,_and_at_Home"
14323,https://en.wikipedia.org/wiki/L%C3%A0-bas_(novel)
14333,https://en.wikipedia.org/wiki/Lippincott%27s_Monthly_Magazine
14391,https://en.wikipedia.org/wiki/T%C3%A1in_B%C3%B3_C%C3%BAailnge
14397,"https://fr.wikipedia.org/wiki/Le_Roman_de_Miraut,_chien_de_chasse"
14398,https://fr.wikipedia.org/wiki/La_F%C3%A9e_des_gr%C3%A8ves_(roman)
14460,"https://en.wikipedia.org/wiki/Faust,_Part_One"
14591,https://en.wikipedia.org/wiki/Goethe%27s_Faust
14670,https://sv.wikipedia.org/wiki/Det_g%C3%A5r_an
14765,https://en.wikipedia.org/wiki/Mart%C3%ADn_Fierro
14765,https://es.wikipedia.org/wiki/El_Gaucho_Mart%C3%ADn_Fierro
14805,https://fr.wikipedia.org/wiki/Les_Troph%C3%A9es
14806,https://en.wikipedia.org/wiki/The_Giant_Raft
14810,https://fr.wikipedia.org/wiki/La_Maison_%C3%A0_vapeur
14820,https://fr.wikipedia.org/wiki/Une_femme_d%27argent
14839,https://en.wikipedia.org/wiki/Filipinas_dentro_de_cien_a%C3%B1os
14904,https://pt.wikipedia.org/wiki/Constitui%C3%A7%C3%A3o_portuguesa_de_1838
14944,https://en.wikipedia.org/wiki/The_Shack_(Blasco_Ib%C3%A1%C3%B1ez_novel)
15041,https://en.wikipedia.org/wiki/The_Negro_Problem
15058,https://en.wikipedia.org/wiki/Sophie%27s_Misfortunes
15059,https://fr.wikipedia.org/wiki/Les_Petites_Filles_mod%C3%A8les
15066,https://es.wikipedia.org/wiki/La_vuelta_de_Mart%C3%ADn_Fierro
15071,https://fr.wikipedia.org/wiki/La_Temp%C3%AAte_(Shakespeare)
15113,https://fr.wikipedia.org/wiki/Vie_de_J%C3%A9sus_(Renan)
15153,https://en.wikipedia.org/wiki/The_Land_of_Heart%27s_Desire
15157,"https://en.wikipedia.org/wiki/The_Philippine_Islands,_1493%E2%80%931898"
15208,https://fr.wikipedia.org/wiki/Les_Mille_et_Un_Fant%C3%B4mes
15305,https://fr.wikipedia.org/wiki/L%27Influence_d%27un_livre
15309,https://en.wikipedia.org/wiki/Rabinal_Ach%C3%AD
15335,https://en.wikipedia.org/wiki/Madame_Chrysanth%C3%A8me_(novel)
15371,https://en.wikipedia.org/wiki/Les_Mille_et_Une_Nuits
15372,https://en.wikipedia.org/wiki/The_Portrait_of_Mr._W._H.
15372,https://fr.wikipedia.org/wiki/Le_Portrait_de_Mr._W._H.
15492,https://en.wikipedia.org/wiki/A_Doll%27s_House
15557,https://fr.wikipedia.org/wiki/Le_Bourg_de_St%C3%A9pantchikovo_et_sa_population
15564,"https://en.wikipedia.org/wiki/The_Philippine_Islands,_1493%E2%80%931898"
15579,https://fr.wikipedia.org/wiki/L%27Affaire_Lerouge
15646,"https://en.wikipedia.org/wiki/Texar%27s_Revenge,_or,_North_Against_South"
15669,https://sv.wikipedia.org/wiki/Fru_Inger_till_%C3%96str%C3%A5t
15724,"https://sv.wikipedia.org/wiki/Vi_Bookar,_Krokar_och_Rothar"
15725,https://en.wikipedia.org/wiki/Do%C3%B1a_Perfecta
15748,https://en.wikipedia.org/wiki/Love%27s_Comedy
15748,https://no.wikipedia.org/wiki/Kj%C3%A6rlighedens_Komedie
15804,https://fr.wikipedia.org/wiki/La_Mort_de_C%C3%A9sar_(Voltaire)
15805,https://fr.wikipedia.org/wiki/La_Mort_de_C%C3%A9sar_(Voltaire)
15808,"https://en.wikipedia.org/wiki/The_History_of_Richard_Raynal,_Solitary"
15837,https://en.wikipedia.org/wiki/Jerusalem_(Lagerl%C3%B6f_novel)
15848,https://fr.wikipedia.org/wiki/La_Com%C3%A9die_des_erreurs
15900,https://en.wikipedia.org/wiki/L%27%C5%92uvre
15941,https://en.wikipedia.org/wiki/An_Englishwoman%27s_Love-letters
15942,https://fr.wikipedia.org/wiki/Antoine_et_Cl%C3%A9op%C3%A2tre
15946,https://en.wikipedia.org/wiki/La_Fontaine%27s_Fables
15976,https://en.wikipedia.org/wiki/Puck_of_Pook%27s_Hill
15995,https://en.wikipedia.org/wiki/Salammb%C3%B4
16021,https://fr.wikipedia.org/wiki/Un_chant_de_No%C3%ABl
16096,https://en.wikipedia.org/wiki/A_Man%27s_Woman
16133,"https://en.wikipedia.org/wiki/The_Philippine_Islands,_1493%E2%80%931898"
16169,"https://en.wikipedia.org/wiki/Dido,_Queen_of_Carthage_(play)"
16189,https://fr.wikipedia.org/wiki/Paradis_(Divine_Com%C3%A9die)
16203,"https://en.wikipedia.org/wiki/The_Philippine_Islands,_1493%E2%80%931898"
16239,https://it.wikipedia.org/wiki/Colomba_(M%C3%A9rim%C3%A9e)
16240,https://en.wikipedia.org/wiki/La_V%C3%A9nus_d%27Ille
16240,https://fr.wikipedia.org/wiki/La_V%C3%A9nus_d%27Ille
16297,"https://en.wikipedia.org/wiki/The_Philippine_Islands,_1493%E2%80%931898"
16392,https://en.wikipedia.org/wiki/Uncle_Tom%27s_Cabin
16392,https://fi.wikipedia.org/wiki/Set%C3%A4_Tuomon_tupa
16393,https://en.wikipedia.org/wiki/Uncle_Tom%27s_Cabin
16393,https://fi.wikipedia.org/wiki/Set%C3%A4_Tuomon_tupa
16425,https://en.wikipedia.org/wiki/Doomed_Love_(novel)
16425,https://pt.wikipedia.org/wiki/Amor_de_Perdi%C3%A7%C3%A3o
16443,https://pt.wikipedia.org/wiki/Uma_Fam%C3%ADlia_Inglesa
16464,https://en.wikipedia.org/wiki/T%C3%A1in_B%C3%B3_C%C3%BAailnge
16496,https://en.wikipedia.org/wiki/Holinshed%27s_Chronicles
16511,https://en.wikipedia.org/wiki/Holinshed%27s_Chronicles
16523,https://en.wikipedia.org/wiki/Kit%C3%A1b-i-Aqdas
16536,https://en.wikipedia.org/wiki/Holinshed%27s_Chronicles
16555,https://en.wikipedia.org/wiki/Holinshed%27s_Chronicles
16566,https://en.wikipedia.org/wiki/Aunt_Jane%27s_Nieces_Abroad
16567,https://en.wikipedia.org/wiki/Aunt_Jane%27s_Nieces_in_the_Red_Cross
16610,https://en.wikipedia.org/wiki/Holinshed%27s_Chronicles
16617,https://en.wikipedia.org/wiki/Holinshed%27s_Chronicles
16620,https://fi.wikipedia.org/wiki/K%C3%A4sikirja_(Epiktetos)
16633,https://es.wikipedia.org/wiki/Cr%C3%B3nica_de_el-rei_D._Pedro_I
16641,https://tl.wikipedia.org/wiki/Dimasalag%CC%83_Kalendariog%CC%83_Tagalog
16669,https://en.wikipedia.org/wiki/Holinshed%27s_Chronicles
16710,https://fr.wikipedia.org/wiki/Les_Deux_Gentilshommes_de_V%C3%A9rone
16732,https://en.wikipedia.org/wiki/Bartlett%27s_Familiar_Quotations
16738,https://en.wikipedia.org/wiki/Holinshed%27s_Chronicles
16741,https://en.wikipedia.org/wiki/Aunt_Phillis%27s_Cabin
16748,https://en.wikipedia.org/wiki/Holinshed%27s_Chronicles
16749,https://en.wikipedia.org/wiki/Holinshed%27s_Chronicles
16760,https://en.wikipedia.org/wiki/Holinshed%27s_Chronicles
16761,https://en.wikipedia.org/wiki/Holinshed%27s_Chronicles
16762,https://en.wikipedia.org/wiki/Holinshed%27s_Chronicles
16820,https://fr.wikipedia.org/wiki/Le_Journal_d%27une_femme_de_chambre
16827,https://fr.wikipedia.org/wiki/Le_Village_a%C3%A9rien
16896,"https://en.wikipedia.org/wiki/Corinne,_or_Italy"
16940,https://en.wikipedia.org/wiki/Gleanings_from_the_Writings_of_Bah%C3%A1%CA%BCu%27ll%C3%A1h
16981,https://en.wikipedia.org/wiki/Old_Peter%27s_Russian_Tales
16983,https://en.wikipedia.org/wiki/Kit%C3%A1b-i-%C3%8Dq%C3%A1n
17025,https://is.wikipedia.org/wiki/S%C3%A6farinn
17044,https://fr.wikipedia.org/wiki/M%C3%A9moires_de_Saint-Simon
17098,https://fr.wikipedia.org/wiki/Riquet_%C3%A0_la_houppe
17105,https://fr.wikipedia.org/wiki/Les_Cotillons_c%C3%A9l%C3%A8bres
17127,https://en.wikipedia.org/wiki/Niels_Klim%27s_Underground_Travels
17142,https://de.wikipedia.org/wiki/Die_griechische_T%C3%A4nzerin
17147,https://en.wikipedia.org/wiki/Th%C3%A9odic%C3%A9e
17157,https://en.wikipedia.org/wiki/Gulliver%27s_Travels
17198,https://en.wikipedia.org/wiki/Curtis%27s_Botanical_Magazine
17208,https://en.wikipedia.org/wiki/Histoires_ou_contes_du_temps_pass%C3%A9
17223,https://es.wikipedia.org/wiki/Pepita_Jim%C3%A9nez
17267,https://en.wikipedia.org/wiki/Ang%C3%A9line_de_Montbrun
17267,https://fr.wikipedia.org/wiki/Ang%C3%A9line_de_Montbrun
17310,https://en.wikipedia.org/wiki/Tablets_of_Bah%C3%A1%CA%BCu%27ll%C3%A1h_Revealed_After_the_Kit%C3%A1b-i-Aqdas
17344,https://fr.wikipedia.org/wiki/Rose_d%27amour
17384,https://en.wikipedia.org/wiki/Hilbert%27s_axioms
17425,https://eo.wikipedia.org/wiki/La_falo_de_U%C5%9Dero-domo
17443,https://es.wikipedia.org/wiki/Un_faccioso_m%C3%A1s_y_algunos_frailes_menos
17445,https://en.wikipedia.org/wiki/L%C4%81%C4%8Dpl%C4%93sis
17457,https://en.wikipedia.org/wiki/Une_vie_(novel)
17458,https://fr.wikipedia.org/wiki/Le_Roman_historique_%C3%A0_l%27%C3%A9poque_romantique
17469,https://en.wikipedia.org/wiki/Berry_and_Co.
17482,https://en.wikipedia.org/wiki/Alice%27s_Adventures_in_Wonderland
17489,https://en.wikipedia.org/wiki/Les_Mis%C3%A9rables
17493,https://en.wikipedia.org/wiki/Les_Mis%C3%A9rables
17494,https://en.wikipedia.org/wiki/Les_Mis%C3%A9rables
17515,https://pt.wikipedia.org/wiki/A_Rel%C3%ADquia
17516,https://en.wikipedia.org/wiki/L%27Argent
17517,https://en.wikipedia.org/wiki/L%27%C5%92uvre
17518,https://en.wikipedia.org/wiki/Les_Mis%C3%A9rables
17519,https://en.wikipedia.org/wiki/Les_Mis%C3%A9rables
17531,https://en.wikipedia.org/wiki/Curtis%27s_Botanical_Magazine
17533,https://en.wikipedia.org/wiki/Le_R%C3%AAve_(novel)
17553,https://en.wikipedia.org/wiki/La_Cur%C3%A9e
17557,https://en.wikipedia.org/wiki/Son_Excellence_Eug%C3%A8ne_Rougon
17557,https://fr.wikipedia.org/wiki/Son_Excellence_Eug%C3%A8ne_Rougon
17580,https://de.wikipedia.org/wiki/Der_S%C3%BCdstern_oder_Das_Land_der_Diamanten
17591,https://en.wikipedia.org/wiki/Frei_Lu%C3%ADs_de_Sousa
17591,https://pt.wikipedia.org/wiki/Frei_Lu%C3%ADs_de_Sousa_(pe%C3%A7a_teatral)
17610,https://pt.wikipedia.org/wiki/Livro_de_M%C3%A1goas
17623,https://fr.wikipedia.org/wiki/Le_Secret_de_l%27%C3%A9chafaud
17640,https://en.wikipedia.org/wiki/Gulliver%27s_Travels
17646,"https://fr.wikipedia.org/wiki/Sixtine,_roman_de_la_vie_c%C3%A9r%C3%A9brale"
17660,https://fr.wikipedia.org/wiki/L%27Archipel_en_feu
17672,https://en.wikipedia.org/wiki/Curtis%27s_Botanical_Magazine
17674,https://en.wikipedia.org/wiki/A_Doll%27s_House
17675,https://fr.wikipedia.org/wiki/Le_Magasin_d%27antiquit%C3%A9s
17676,https://fr.wikipedia.org/wiki/Le_Magasin_d%27antiquit%C3%A9s
17701,https://en.wikipedia.org/wiki/Heptam%C3%A9ron
17702,https://en.wikipedia.org/wiki/Heptam%C3%A9ron
17703,https://en.wikipedia.org/wiki/Heptam%C3%A9ron
17704,https://en.wikipedia.org/wiki/Heptam%C3%A9ron
17705,https://en.wikipedia.org/wiki/Heptam%C3%A9ron
17713,https://en.wikipedia.org/wiki/Diego_Collado%27s_Grammar_of_the_Japanese_Language
17731,https://en.wikipedia.org/wiki/The_Nigger_of_the_%22Narcissus%22
17772,https://en.wikipedia.org/wiki/Mrs._Overtheway%27s_Remembrances
17795,https://fr.wikipedia.org/wiki/La_Derni%C3%A8re_Aldini
17798,https://fr.wikipedia.org/wiki/L%27%C3%8Ele_%C3%A0_h%C3%A9lice
17803,https://en.wikipedia.org/wiki/Laxd%C3%A6la_saga
17819,https://fr.wikipedia.org/wiki/L%27Ami_Fritz
17831,https://en.wikipedia.org/wiki/La_D%C3%A9b%C3%A2cle
17831,https://fr.wikipedia.org/wiki/La_D%C3%A9b%C3%A2cle
17838,https://it.wikipedia.org/wiki/L%27aeroplano_del_Papa
17911,https://fr.wikipedia.org/wiki/L%C3%A9gendes_rustiques
17919,https://en.wikipedia.org/wiki/Nj%C3%A1ls_saga
17930,https://en.wikipedia.org/wiki/A_Midsummer_Night%27s_Dream
17930,https://fr.wikipedia.org/wiki/Le_Songe_d%27une_nuit_d%27%C3%A9t%C3%A9
17941,https://en.wikipedia.org/wiki/La_Fontaine%27s_Fables
17942,https://en.wikipedia.org/wiki/La_Fontaine%27s_Fables
17979,https://en.wikipedia.org/wiki/Curtis%27s_Botanical_Magazine
17980,https://fr.wikipedia.org/wiki/Les_Caract%C3%A8res
18028,https://en.wikipedia.org/wiki/The_Conspirators_(Dumas_and_Maquet_novel)
18028,https://fr.wikipedia.org/wiki/Le_Chevalier_d%27Harmental
18082,https://en.wikipedia.org/wiki/Mar%C3%ADlia_de_Dirceu
18082,https://pt.wikipedia.org/wiki/Mar%C3%ADlia_de_Dirceu
18144,https://fi.wikipedia.org/wiki/Timon_Ateenalainen_(n%C3%A4ytelm%C3%A4)
18199,https://en.wikipedia.org/wiki/The_Queen%27s_Necklace
18200,https://en.wikipedia.org/wiki/The_Queen%27s_Necklace
18228,https://es.wikipedia.org/wiki/El_mandar%C3%ADn_(novela)
18269,https://en.wikipedia.org/wiki/Pens%C3%A9es
18311,https://en.wikipedia.org/wiki/The_Winter%27s_Tale
18311,https://fr.wikipedia.org/wiki/Le_Conte_d%27hiver
18321,https://fr.wikipedia.org/wiki/Act%C3%A9
18322,https://fi.wikipedia.org/wiki/Daniel_Hjort_(n%C3%A4ytelm%C3%A4)
18340,https://fr.wikipedia.org/wiki/L%27Ami_Fritz
18348,https://en.wikipedia.org/wiki/Goethe%27s_Faust
18358,https://en.wikipedia.org/wiki/Madame_Chrysanth%C3%A8me_(novel)
18358,https://fr.wikipedia.org/wiki/Madame_Chrysanth%C3%A8me
18395,https://en.wikipedia.org/wiki/The_Girl%27s_Own_Paper
18414,https://en.wikipedia.org/wiki/The_Girl%27s_Own_Paper
18425,"https://en.wikipedia.org/wiki/Dick_Sand,_A_Captain_at_Fifteen"
18427,https://fr.wikipedia.org/wiki/Mon_fr%C3%A8re_Yves_(roman)
18446,https://fr.wikipedia.org/wiki/Sc%C3%A8nes_de_la_vie_de_boh%C3%A8me
18456,https://en.wikipedia.org/wiki/Henry_IV_(Pirandello_play)
18484,https://en.wikipedia.org/wiki/WPA_Slave_Narrative_Collection
18485,https://en.wikipedia.org/wiki/WPA_Slave_Narrative_Collection
18600,https://ceb.wikipedia.org/wiki/Mi_%C3%BAltimo_adi%C3%B3s
18600,https://en.wikipedia.org/wiki/Mi_%C3%BAltimo_adi%C3%B3s
18602,https://en.wikipedia.org/wiki/The_Fourth_%22R%22
18624,https://fi.wikipedia.org/wiki/Rouva_Katarina_Boije_ja_h%C3%A4nen_tytt%C3%A4rens%C3%A4
18657,https://en.wikipedia.org/wiki/Love%27s_Comedy
18689,"https://en.wikipedia.org/wiki/The_Wide,_Wide_World"
18732,https://en.wikipedia.org/wiki/Aesop%27s_Fables
18744,https://fi.wikipedia.org/wiki/Tuonelan_joutsen_(n%C3%A4ytelm%C3%A4)
18797,https://en.wikipedia.org/wiki/La_Princesse_de_Cl%C3%A8ves
18797,https://fr.wikipedia.org/wiki/La_Princesse_de_Cl%C3%A8ves
18812,https://fr.wikipedia.org/wiki/Douze_ans_de_s%C3%A9jour_dans_la_Haute-%C3%89thiopie
18857,https://en.wikipedia.org/wiki/Journey_to_the_Centre_of_the_Earth
18864,https://en.wikipedia.org/wiki/M%C3%A9moires_d%27Outre-Tombe
18864,https://fr.wikipedia.org/wiki/M%C3%A9moires_d%27outre-tombe
18912,https://en.wikipedia.org/wiki/WPA_Slave_Narrative_Collection
18921,https://fr.wikipedia.org/wiki/Les_Myst%C3%A8res_de_Paris
18922,https://fr.wikipedia.org/wiki/Les_Myst%C3%A8res_de_Paris
18923,https://fr.wikipedia.org/wiki/Les_Myst%C3%A8res_de_Paris
18924,https://fr.wikipedia.org/wiki/Les_Myst%C3%A8res_de_Paris
18925,https://fr.wikipedia.org/wiki/Les_Myst%C3%A8res_de_Paris
18980,https://en.wikipedia.org/wiki/The_Girl%27s_Own_Paper
19021,https://fr.wikipedia.org/wiki/Le_Bonheur_%C3%A0_cinq_sous
19030,https://en.wikipedia.org/wiki/A_Doll%27s_House
19030,https://eo.wikipedia.org/wiki/Pupohejmo_(teatra%C4%B5o)
19033,https://en.wikipedia.org/wiki/Alice%27s_Adventures_in_Wonderland
19035,https://fr.wikipedia.org/wiki/Le_Fauteuil_hant%C3%A9
19068,https://en.wikipedia.org/wiki/Grimms%27_Fairy_Tales
19094,https://en.wikipedia.org/wiki/Magic%3A_A_Fantastic_Comedy
19112,https://fr.wikipedia.org/wiki/La_Foire_aux_vanit%C3%A9s
19123,https://en.wikipedia.org/wiki/Curtis%27s_Botanical_Magazine
19141,https://en.wikipedia.org/wiki/Edison%27s_Conquest_of_Mars
19163,https://en.wikipedia.org/wiki/Fairy_Tales_Told_for_Children._First_Collection.
19184,https://fr.wikipedia.org/wiki/Le_Carrosse_aux_deux_l%C3%A9zards_verts
19211,https://en.wikipedia.org/wiki/The_History_of_England_(Hume)
19212,https://en.wikipedia.org/wiki/The_History_of_England_(Hume)
19213,https://en.wikipedia.org/wiki/The_History_of_England_(Hume)
19214,https://en.wikipedia.org/wiki/The_History_of_England_(Hume)
19215,https://en.wikipedia.org/wiki/The_History_of_England_(Hume)
19216,https://en.wikipedia.org/wiki/The_History_of_England_(Hume)
19219,https://fr.wikipedia.org/wiki/La_M%C3%A9g%C3%A8re_apprivois%C3%A9e
19227,https://fr.wikipedia.org/wiki/Peines_d%27amour_perdues
19228,"https://en.wikipedia.org/wiki/Pericles,_Prince_of_Tyre"
19233,https://fr.wikipedia.org/wiki/Les_Opinions_de_M._J%C3%A9r%C3%B4me_Coignard
19260,https://en.wikipedia.org/wiki/Synn%C3%B8ve_Solbakken_(novel)
19299,https://en.wikipedia.org/wiki/Will_and_Testament_of_%CA%BBAbdu%27l-Bah%C3%A1
19338,https://en.wikipedia.org/wiki/The_Keeper_(Piper_short_story)
19446,https://en.wikipedia.org/wiki/WPA_Slave_Narrative_Collection
19540,https://fr.wikipedia.org/wiki/La_Tosca_(pi%C3%A8ce_de_th%C3%A9%C3%A2tre)
19551,https://en.wikipedia.org/wiki/Alice%27s_Adventures_in_Wonderland
19615,https://en.wikipedia.org/wiki/The_Dairyman%27s_Daughter
19722,https://en.wikipedia.org/wiki/A_Child%27s_Garden_of_Verses
19746,https://en.wikipedia.org/wiki/The_Colonel%27s_Dream
19778,https://en.wikipedia.org/wiki/Alice%27s_Adventures_in_Wonderland
19810,https://en.wikipedia.org/wiki/My_%C3%81ntonia
19932,https://en.wikipedia.org/wiki/WPA_Slave_Narrative_Collection
20011,https://es.wikipedia.org/wiki/Peque%C3%B1eces_(novela)
20122,https://en.wikipedia.org/wiki/The_Queen%27s_Necklace
20228,https://en.wikipedia.org/wiki/Noli_Me_T%C3%A1ngere_(novel)
20254,https://fr.wikipedia.org/wiki/Les_Ma%C3%AEtres_sonneurs
20262,https://en.wikipedia.org/wiki/La_Princesse_de_Cl%C3%A8ves
20262,https://fr.wikipedia.org/wiki/La_Princesse_de_Cl%C3%A8ves
20344,https://de.wikipedia.org/wiki/Kom%C3%B6die_der_Liebe
20344,https://en.wikipedia.org/wiki/Love%27s_Comedy
20498,https://en.wikipedia.org/wiki/Le_M%C3%A9decin_malgr%C3%A9_lui
20498,https://fr.wikipedia.org/wiki/Le_M%C3%A9decin_malgr%C3%A9_lui
20574,https://pt.wikipedia.org/wiki/O_Mist%C3%A9rio_da_Estrada_de_Sintra
20580,https://en.wikipedia.org/wiki/Napol%C3%A9on_le_Petit
20585,"https://en.wikipedia.org/wiki/On_Heroes,_Hero-Worship,_%26_the_Heroic_in_History"
20720,https://fr.wikipedia.org/wiki/Les_Joyeuses_Comm%C3%A8res_de_Windsor
20735,https://en.wikipedia.org/wiki/Mrs_Mary_Eales%27s_Receipts
20746,"https://en.wikipedia.org/wiki/The_Home%3B_or,_Family_Cares_and_Family_Joys"
20749,https://en.wikipedia.org/wiki/Saint_Ronan%27s_Well
20778,"https://en.wikipedia.org/wiki/Sylva,_or_A_Discourse_of_Forest-Trees_and_the_Propagation_of_Timber"
20785,https://en.wikipedia.org/wiki/WPA_Slave_Narrative_Collection
20860,"https://en.wikipedia.org/wiki/The_Butterfly%27s_Ball,_and_the_Grasshopper%27s_Feast"
20864,https://fr.wikipedia.org/wiki/La_Foire_aux_vanit%C3%A9s
20890,https://en.wikipedia.org/wiki/The_Revenge_of_Bussy_D%27Ambois
20950,https://fr.wikipedia.org/wiki/La_Grande_Marni%C3%A8re
21000,https://de.wikipedia.org/wiki/Faust._Eine_Trag%C3%B6die
21000,https://en.wikipedia.org/wiki/Goethe%27s_Faust
21020,https://en.wikipedia.org/wiki/M%E1%B9%9Bcchakatika
21021,https://en.wikipedia.org/wiki/The_Adventures_of_Maya_the_Bee
21197,https://en.wikipedia.org/wiki/Diego_Collado%27s_Grammar_of_the_Japanese_Language
21212,"https://en.wikipedia.org/wiki/Lives_of_the_Most_Excellent_Painters,_Sculptors,_and_Architects"
21334,https://en.wikipedia.org/wiki/The_Beaux%27_Stratagem
21508,https://en.wikipedia.org/wiki/WPA_Slave_Narrative_Collection
21515,https://en.wikipedia.org/wiki/Venice_Preserv%27d
21552,"https://en.wikipedia.org/wiki/Masterman_Ready,_or_the_Wreck_of_the_Pacific"
21640,"https://en.wikipedia.org/wiki/A_Bid_for_Fortune%3B_Or,_Doctor_Nikola%27s_Vendetta"
21670,https://en.wikipedia.org/wiki/Edison%27s_Conquest_of_Mars
21823,"https://en.wikipedia.org/wiki/The_Butterfly%27s_Ball,_and_the_Grasshopper%27s_Feast"
21843,https://en.wikipedia.org/wiki/Curtis%27s_Botanical_Magazine
21847,https://en.wikipedia.org/wiki/Doctor_Wortle%27s_School
21848,https://en.wikipedia.org/wiki/Noli_Me_T%C3%A1ngere_(novel)
21849,https://en.wikipedia.org/wiki/The_%22Mind_the_Paint%22_Girl
21906,https://es.wikipedia.org/wiki/C%C3%A1diz_(episodio_nacional)
21918,https://en.wikipedia.org/wiki/Y%C4%81j%C3%B1avalkya_Sm%E1%B9%9Bti
21940,https://fr.wikipedia.org/wiki/Le_Parfum_des_%C3%AEles_Borrom%C3%A9es
22015,https://en.wikipedia.org/wiki/King_Solomon%27s_Mines
22015,https://pt.wikipedia.org/wiki/As_Minas_de_Salom%C3%A3o
22039,https://de.wikipedia.org/wiki/Madame_Th%C3%A9r%C3%A8se
22039,https://en.wikipedia.org/wiki/Madame_Th%C3%A9r%C3%A8se
22048,https://en.wikipedia.org/wiki/Napol%C3%A9on_le_Petit
22137,https://is.wikipedia.org/wiki/R%C3%ADmur_af_Gr%C3%A1manni_%C3%AD_Gar%C3%B0shorni
22166,https://en.wikipedia.org/wiki/WPA_Slave_Narrative_Collection
22235,https://de.wikipedia.org/wiki/Fr%C3%A4ulein_Julie
22250,https://en.wikipedia.org/wiki/Lippincott%27s_Monthly_Magazine
22354,https://en.wikipedia.org/wiki/The_Adventures_of_Maya_the_Bee
22400,https://en.wikipedia.org/wiki/Foxe%27s_Book_of_Martyrs
22504,https://en.wikipedia.org/wiki/The_Poet%27s_Mystery
22592,https://eo.wikipedia.org/wiki/Ifigenio_en_Ta%C5%ADrido
22642,https://en.wikipedia.org/wiki/The_Intruder_(D%27Annunzio_novel)
22642,https://it.wikipedia.org/wiki/L%27innocente_(romanzo)
22662,https://en.wikipedia.org/wiki/The_Mummy%27s_Foot
22741,https://fr.wikipedia.org/wiki/Physiologie_du_go%C3%BBt
22760,"https://en.wikipedia.org/wiki/Henry_IV,_Part_1"
22760,https://fr.wikipedia.org/wiki/Henri_IV_(premi%C3%A8re_partie)
22769,https://fr.wikipedia.org/wiki/Chant_II_de_l%27Enfer
22824,https://en.wikipedia.org/wiki/The_Warwolf
22976,https://en.wikipedia.org/wiki/WPA_Slave_Narrative_Collection
23060,https://en.wikipedia.org/wiki/Le_Chef-d%27%C5%93uvre_inconnu
23126,"https://en.wikipedia.org/wiki/Eric,_or,_Little_by_Little"
23133,"https://pt.wikipedia.org/wiki/K4,_O_Quadrado_Azul"
23206,https://es.wikipedia.org/wiki/La_moza_de_c%C3%A1ntaro
23313,https://en.wikipedia.org/wiki/Tonio_Kr%C3%B6ger
23350,https://en.wikipedia.org/wiki/Cecily_Parsley%27s_Nursery_Rhymes
23520,https://fr.wikipedia.org/wiki/Mon_oncle_et_mon_cur%C3%A9
23579,https://en.wikipedia.org/wiki/Curtis%27s_Botanical_Magazine
23607,https://en.wikipedia.org/wiki/A_Circuit_Rider%27s_Wife
23654,https://en.wikipedia.org/wiki/M%C3%A9moires_d%27Outre-Tombe
23654,https://fr.wikipedia.org/wiki/M%C3%A9moires_d%27outre-tombe
23876,https://en.wikipedia.org/wiki/Xu_Xiake%27s_Travels
24026,https://fi.wikipedia.org/wiki/Joulukertomus
24058,"https://en.wikipedia.org/wiki/Tale_of_King_Mu,_Son_of_Heaven"
24091,https://en.wikipedia.org/wiki/Takeoff!
24108,https://en.wikipedia.org/wiki/La_Fontaine%27s_Fables
24129,https://en.wikipedia.org/wiki/Mon%C3%B3logo_do_Vaqueiro
24129,https://pt.wikipedia.org/wiki/Auto_da_Visita%C3%A7%C3%A3o
24286,https://en.wikipedia.org/wiki/The_Birds%27_Christmas_Carol
24320,https://nl.wikipedia.org/wiki/Le_chevalier_d%C3%A9lib%C3%A9r%C3%A9
24346,https://en.wikipedia.org/wiki/Coleridge%27s_theory_of_life
24371,https://en.wikipedia.org/wiki/The_People_of_Hems%C3%B6
24379,https://en.wikipedia.org/wiki/The_Admiral%27s_Caravan
24420,https://en.wikipedia.org/wiki/Frithiof%27s_Saga
24501,https://eo.wikipedia.org/wiki/La_batalo_de_l%27_vivo
24546,https://sv.wikipedia.org/wiki/L%C3%A9onore_ou_l%27Amour_conjugal
24632,https://en.wikipedia.org/wiki/The_Fifth_Form_at_St._Dominic%27s
24670,https://en.wikipedia.org/wiki/Curtis%27s_Botanical_Magazine
24679,"https://en.wikipedia.org/wiki/Lilith,_The_Legend_of_the_First_Woman"
24767,https://en.wikipedia.org/wiki/Jack_O%27Judgment
24824,https://pt.wikipedia.org/wiki/Deputados_brasileiros_%C3%A0s_Cortes_de_Lisboa
24842,https://en.wikipedia.org/wiki/The_Defence_of_Duffer%27s_Drift
24850,https://pl.wikipedia.org/wiki/Lourdes_(powie%C5%9B%C4%87)
24863,https://en.wikipedia.org/wiki/The_Captain%27s_Daughter
24880,"https://en.wikipedia.org/wiki/The_Wreck_of_the_Titan%3A_Or,_Futility"
24915,https://fr.wikipedia.org/wiki/Robinson_Cruso%C3%A9
24921,"https://en.wikipedia.org/wiki/It%27s_Like_This,_Cat"
25014,https://en.wikipedia.org/wiki/Bouvard_and_P%C3%A9cuchet
25063,https://en.wikipedia.org/wiki/The_Beggar%27s_Opera
25097,"https://es.wikipedia.org/wiki/Ciudades_y_ruinas_americanas._Mitla,_Palenque,_Chichen_Itz%C3%A1_y_Uxmal"
25154,https://en.wikipedia.org/wiki/WPA_Slave_Narrative_Collection
25176,https://it.wikipedia.org/wiki/Diritti_dell%27anima
25204,https://de.wikipedia.org/wiki/Der_M%C3%B6rder
25297,https://en.wikipedia.org/wiki/Diary_of_a_Madman_(Lu_Xun_short_story)
25326,"https://en.wikipedia.org/wiki/Lives_of_the_Most_Excellent_Painters,_Sculptors,_and_Architects"
25401,https://en.wikipedia.org/wiki/Dream_Memories_of_Tao%27an
25423,https://en.wikipedia.org/wiki/Diary_of_a_Madman_(Lu_Xun_short_story)
25498,https://en.wikipedia.org/wiki/The_Amit%C4%81yus_Sutra
25557,https://en.wikipedia.org/wiki/General_History_of_Taiwan
25575,https://en.wikipedia.org/wiki/M%C3%A9moires_d%27Outre-Tombe
25575,https://fr.wikipedia.org/wiki/M%C3%A9moires_d%27outre-tombe
25608,https://en.wikipedia.org/wiki/A_Child%27s_Garden_of_Verses
25609,https://en.wikipedia.org/wiki/A_Child%27s_Garden_of_Verses
25610,https://en.wikipedia.org/wiki/A_Child%27s_Garden_of_Verses
25611,https://en.wikipedia.org/wiki/A_Child%27s_Garden_of_Verses
25617,https://en.wikipedia.org/wiki/A_Child%27s_Garden_of_Verses
25680,https://fr.wikipedia.org/wiki/La_Boucle_de_cheveux_enlev%C3%A9e
25715,"https://en.wikipedia.org/wiki/Henry_IV,_Part_2"
25715,https://fr.wikipedia.org/wiki/Henri_IV_(deuxi%C3%A8me_partie)
25721,https://de.wikipedia.org/wiki/Caspar_Hauser_oder_Die_Tr%C3%A4gheit_des_Herzens
25733,https://en.wikipedia.org/wiki/Tam_o%27_Shanter_(poem)
25759,"https://en.wikipedia.org/wiki/Lives_of_the_Most_Excellent_Painters,_Sculptors,_and_Architects"
25964,https://eo.wikipedia.org/wiki/Batalo_pri_la_domo_Heikkil%C3%A4
25981,https://en.wikipedia.org/wiki/Les_Beaux_Messieurs_de_Bois-Dor%C3%A9
25981,https://fr.wikipedia.org/wiki/Les_Beaux_Messieurs_de_Bois-Dor%C3%A9
26025,https://pt.wikipedia.org/wiki/Carlota_%C3%82ngela
26027,https://en.wikipedia.org/wiki/Puck_of_Pook%27s_Hill
26028,https://es.wikipedia.org/wiki/Descripci%C3%B3n_e_historia_del_Castillo_de_la_Aljafer%C3%ADa
26179,https://fi.wikipedia.org/wiki/Filosofiset_mietelm%C3%A4t
26188,https://fi.wikipedia.org/wiki/Taistelu_Heikkil%C3%A4n_talosta
26370,https://en.wikipedia.org/wiki/M%C3%A9moires_(Berlioz)
26395,https://en.wikipedia.org/wiki/C%C3%A9sar_Cascabel
26400,https://en.wikipedia.org/wiki/La_G%C3%A9om%C3%A9trie
26400,https://fr.wikipedia.org/wiki/La_G%C3%A9om%C3%A9trie_(Descartes)
26494,"https://en.wikipedia.org/wiki/Vera%3B_or,_The_Nihilists"
26608,https://fr.wikipedia.org/wiki/Le_Livre_des_trois_vertus_%C3%A0_l%27enseignement_des_dames
26614,https://fr.wikipedia.org/wiki/Le_Secr%C3%A9taire_intime
26648,https://en.wikipedia.org/wiki/Les_lauriers_sont_coup%C3%A9s
26648,https://fr.wikipedia.org/wiki/Les_lauriers_sont_coup%C3%A9s_(nouvelle)
26679,"https://en.wikipedia.org/wiki/Wit_and_Mirth,_or_Pills_to_Purge_Melancholy"
26681,https://fr.wikipedia.org/wiki/L%27%C3%88ve_future
26685,https://en.wikipedia.org/wiki/Aphrodite%3A_m%C5%93urs_antiques
26685,https://it.wikipedia.org/wiki/Aphrodite_(romanzo)
26686,https://en.wikipedia.org/wiki/Under_the_Pear_Tree
26710,https://fr.wikipedia.org/wiki/Les_%C3%89paves
26758,https://fr.wikipedia.org/wiki/A_Lover%27s_Complaint
26764,"https://en.wikipedia.org/wiki/Henry_VI,_Part_2"
26765,"https://en.wikipedia.org/wiki/Henry_VI,_Part_3"
26804,https://fr.wikipedia.org/wiki/L%27Anti-Justine
26806,https://fr.wikipedia.org/wiki/Gamiani_ou_Deux_nuits_d%27exc%C3%A8s
26811,https://fr.wikipedia.org/wiki/Claire_d%27Albe
26812,https://fr.wikipedia.org/wiki/Trois_Contes
26815,https://fr.wikipedia.org/wiki/Le_Roman_d%27un_jeune_homme_pauvre
26860,"https://en.wikipedia.org/wiki/Lives_of_the_Most_Excellent_Painters,_Sculptors,_and_Architects"
26863,https://fr.wikipedia.org/wiki/N%C3%A9lida
26943,https://en.wikipedia.org/wiki/Der_fliegende_Holl%C3%A4nder
26943,https://fr.wikipedia.org/wiki/Der_fliegende_Holl%C3%A4nder
26988,https://pt.wikipedia.org/wiki/Amor_de_Salva%C3%A7%C3%A3o
27072,https://en.wikipedia.org/wiki/Le_M%C3%A9decin_volant
27079,https://en.wikipedia.org/wiki/Ad%C3%A8le_and_Co.
27124,https://en.wikipedia.org/wiki/Uncle_Tom%27s_Cabin
27127,"https://en.wikipedia.org/wiki/The_Philippine_Islands,_1493%E2%80%931898"
27175,https://en.wikipedia.org/wiki/The_Bad_Child%27s_Book_of_Beasts
27200,https://en.wikipedia.org/wiki/Fairy_Tales_Told_for_Children._First_Collection.
27236,https://en.wikipedia.org/wiki/Os_Lus%C3%ADadas
27296,https://en.wikipedia.org/wiki/La_Becqu%C3%A9e
27296,https://fr.wikipedia.org/wiki/La_Becqu%C3%A9e
27385,https://en.wikipedia.org/wiki/The_Conspirators_(Dumas_and_Maquet_novel)
27444,https://en.wikipedia.org/wiki/Starman%27s_Quest
27446,https://de.wikipedia.org/wiki/Der_Hahn_von_Quakenbr%C3%BCck
27479,https://en.wikipedia.org/wiki/Eleventh_edition_of_the_Encyclop%C3%A6dia_Britannica
27536,https://ca.wikipedia.org/wiki/El_marxant_de_Ven%C3%A8cia
27598,https://de.wikipedia.org/wiki/Der_Geh%C3%BClfe
27690,https://en.wikipedia.org/wiki/Nobody%27s_Girl_(novel)
27725,https://pt.wikipedia.org/wiki/Menina_e_Mo%C3%A7a
27769,https://en.wikipedia.org/wiki/Der_fliegende_Holl%C3%A4nder
27775,https://de.wikipedia.org/wiki/Des_Feldpredigers_Schmelzle_Reise_nach_Fl%C3%A4tz
27884,https://en.wikipedia.org/wiki/Niels_Klim%27s_Underground_Travels
27889,https://en.wikipedia.org/wiki/Bartlett%27s_Familiar_Quotations
28002,https://es.wikipedia.org/wiki/Electra_(Gald%C3%B3s)
28087,https://en.wikipedia.org/wiki/Tuskegee_%26_Its_People
28096,https://en.wikipedia.org/wiki/The_Langs%27_Fairy_Books
28124,https://fr.wikipedia.org/wiki/Le_M%C3%A9decin_des_dames_de_N%C3%A9ans
28150,https://fr.wikipedia.org/wiki/Le_P%C3%A8lerin_passionn%C3%A9
28151,https://en.wikipedia.org/wiki/All%27s_Well_That_Ends_Well
28153,https://pl.wikipedia.org/wiki/Gra%C5%BCyna_(poemat)
28170,https://en.wikipedia.org/wiki/WPA_Slave_Narrative_Collection
28188,https://en.wikipedia.org/wiki/Holinshed%27s_Chronicles
28203,https://en.wikipedia.org/wiki/Moods_(novel)
28233,https://en.wikipedia.org/wiki/Philosophi%C3%A6_Naturalis_Principia_Mathematica
28281,https://en.wikipedia.org/wiki/Cecilia_Vald%C3%A9s
28281,https://es.wikipedia.org/wiki/Cecilia_Vald%C3%A9s_(novela)
28370,https://fr.wikipedia.org/wiki/Nouvelle_G%C3%A9ographie_universelle
28371,https://en.wikipedia.org/wiki/Alice%27s_Adventures_in_Wonderland
28376,"https://en.wikipedia.org/wiki/The_Wide,_Wide_World"
28408,"https://es.wikipedia.org/wiki/El_mejor_alcalde,_el_rey"
28420,"https://en.wikipedia.org/wiki/Lives_of_the_Most_Excellent_Painters,_Sculptors,_and_Architects"
28421,"https://en.wikipedia.org/wiki/Lives_of_the_Most_Excellent_Painters,_Sculptors,_and_Architects"
28422,"https://en.wikipedia.org/wiki/Lives_of_the_Most_Excellent_Painters,_Sculptors,_and_Architects"
28487,https://en.wikipedia.org/wiki/The_Nun%27s_Priest%27s_Tale
28602,https://en.wikipedia.org/wiki/This_Is_Not_a_Story
28602,https://fr.wikipedia.org/wiki/Ceci_n%27est_pas_un_conte
28604,https://fr.wikipedia.org/wiki/Entretien_d%27un_p%C3%A8re_avec_ses_enfants
28605,https://fr.wikipedia.org/wiki/L%27Oiseau_blanc_%3A_conte_bleu
28610,https://en.wikipedia.org/wiki/Singoalla_(novel)
28629,"https://en.wikipedia.org/wiki/Phoebe,_Junior"
28722,https://en.wikipedia.org/wiki/A_Child%27s_Garden_of_Verses
28751,https://de.wikipedia.org/wiki/G%C3%B6sta_Berling
28751,https://en.wikipedia.org/wiki/G%C3%B6sta_Berling%27s_Saga
28858,https://en.wikipedia.org/wiki/Heptam%C3%A9ron
28880,"https://en.wikipedia.org/wiki/Recollections_of_a_Tour_Made_in_Scotland,_A._D._1803"
28885,https://en.wikipedia.org/wiki/Alice%27s_Adventures_in_Wonderland
28891,https://fr.wikipedia.org/wiki/Le_Cabinet_des_f%C3%A9es
28899,"https://en.wikipedia.org/wiki/The_Philippine_Islands,_1493%E2%80%931898"
28930,https://en.wikipedia.org/wiki/M%C3%A9moires_d%27Outre-Tombe
28930,https://fr.wikipedia.org/wiki/M%C3%A9moires_d%27outre-tombe
28973,https://en.wikipedia.org/wiki/WPA_Slave_Narrative_Collection
29021,https://en.wikipedia.org/wiki/Histoires_ou_contes_du_temps_pass%C3%A9
29035,https://it.wikipedia.org/wiki/L%27alcova_d%27acciaio
29095,"https://en.wikipedia.org/wiki/Texar%27s_Revenge,_or,_North_Against_South"
29192,"https://en.wikipedia.org/wiki/Texar%27s_Revenge,_or,_North_Against_South"
29229,https://en.wikipedia.org/wiki/Andr%C3%A9_(play)
29302,https://fr.wikipedia.org/wiki/Po%C3%A9sies_(Rimbaud)
29359,https://nl.wikipedia.org/wiki/De_koopman_van_Veneti%C3%AB_(toneelstuk)
29376,https://de.wikipedia.org/wiki/Bahnw%C3%A4rter_Thiel
29376,https://en.wikipedia.org/wiki/Bahnw%C3%A4rter_Thiel_(novella)
29412,"https://en.wikipedia.org/wiki/Trait%C3%A9_sur_les_apparitions_des_esprits_et_sur_les_vampires_ou_les_revenans_de_Hongrie,_de_Moravie,_%26c."
29447,https://en.wikipedia.org/wiki/Ratoncito_P%C3%A9rez
29549,https://en.wikipedia.org/wiki/Le_roi_s%27amuse
29549,https://fr.wikipedia.org/wiki/Le_roi_s%27amuse
29553,https://en.wikipedia.org/wiki/Motley_Stones
29651,https://fr.wikipedia.org/wiki/Mademoiselle_de_La_Seigli%C3%A8re_(roman)
29731,https://es.wikipedia.org/wiki/El_Capit%C3%A1n_Veneno_(novela)
29941,https://la.wikipedia.org/wiki/Zeitgem%C3%A4%C3%9Fes_%C3%BCber_Krieg_und_Tod
29980,"https://en.wikipedia.org/wiki/The_Cock,_the_Mouse_and_the_Little_Red_Hen"
30012,https://en.wikipedia.org/wiki/L%27Aiglon
30017,https://en.wikipedia.org/wiki/My_Father%27s_Dragon
30078,https://en.wikipedia.org/wiki/The_People_of_Hems%C3%B6
30078,https://sv.wikipedia.org/wiki/Hems%C3%B6borna
30079,https://sv.wikipedia.org/wiki/Sk%C3%A4rkarlsliv
30123,https://en.wikipedia.org/wiki/Microm%C3%A9gas
30211,https://en.wikipedia.org/wiki/Noli_Me_T%C3%A1ngere_(novel)
30253,"https://en.wikipedia.org/wiki/The_Philippine_Islands,_1493%E2%80%931898"
30281,https://de.wikipedia.org/wiki/Die_R%C3%A4uberbande_(Roman)
30350,"https://en.wikipedia.org/wiki/The_Philippine_Islands,_1493%E2%80%931898"
30391,"https://en.wikipedia.org/wiki/Betelguese,_a_Trip_Through_Hell"
30397,"https://en.wikipedia.org/wiki/The_Philippine_Islands,_1493%E2%80%931898"
30433,"https://en.wikipedia.org/wiki/Emile,_or_On_Education"
30514,https://fr.wikipedia.org/wiki/De_la_d%C3%A9mocratie_en_Am%C3%A9rique
30516,https://fr.wikipedia.org/wiki/De_la_d%C3%A9mocratie_en_Am%C3%A9rique
30526,https://en.wikipedia.org/wiki/William_Blake%27s_Illustrations_of_the_Book_of_Job
30553,https://en.wikipedia.org/wiki/The_Adventures_of_King_Pausole
30570,https://de.wikipedia.org/wiki/Gro%C3%9Fer_L%C3%A4rm
30576,https://en.wikipedia.org/wiki/WPA_Slave_Narrative_Collection
30580,https://en.wikipedia.org/wiki/The_Langs%27_Fairy_Books
30638,https://en.wikipedia.org/wiki/The_Captain%27s_Daughter
30639,"https://en.wikipedia.org/wiki/Border,_Breed_nor_Birth"
30655,https://de.wikipedia.org/wiki/Ein_Hungerk%C3%BCnstler
30685,https://en.wikipedia.org/wiki/Eleventh_edition_of_the_Encyclop%C3%A6dia_Britannica
30703,https://fr.wikipedia.org/wiki/Fant%C3%B4me_d%27Orient
30726,https://en.wikipedia.org/wiki/Cole%27s_Funny_Picture_Book
30757,"https://en.wikipedia.org/wiki/The_Home%3B_or,_Family_Cares_and_Family_Joys"
30779,https://en.wikipedia.org/wiki/Les_Aventures_de_T%C3%A9l%C3%A9maque
30779,https://fr.wikipedia.org/wiki/Les_Aventures_de_T%C3%A9l%C3%A9maque_(F%C3%A9nelon)
30805,https://pt.wikipedia.org/wiki/Espada_da_justi%C3%A7a_sobre_os_reos_do_horroroso_delicto_praticado_no_Navio_pelos_que_morrera%C3%B5_enforcados_aos_14_de_Agosto_de_1781
30821,https://de.wikipedia.org/wiki/Beantwortung_der_Frage%3A_Was_ist_Aufkl%C3%A4rung%3F
30821,https://en.wikipedia.org/wiki/What_Is_Enlightenment%3F
30934,https://en.wikipedia.org/wiki/Venice_Preserv%27d
30967,https://en.wikipedia.org/wiki/WPA_Slave_Narrative_Collection
30976,https://en.wikipedia.org/wiki/Eleventh_edition_of_the_Encyclop%C3%A6dia_Britannica
31029,https://en.wikipedia.org/wiki/I%27ll_Leave_It_to_You
31047,https://sv.wikipedia.org/wiki/Tj%C3%A4nstekvinnans_son
31114,https://de.wikipedia.org/wiki/Die_wunderbare_Reise_des_kleinen_Nils_Holgersson_mit_den_Wildg%C3%A4nsen
31126,https://en.wikipedia.org/wiki/A_Midsummer_Night%27s_Dream
31156,https://en.wikipedia.org/wiki/Eleventh_edition_of_the_Encyclop%C3%A6dia_Britannica
31204,https://en.wikipedia.org/wiki/Little_Peter%27s_Journey_to_the_Moon
31218,https://de.wikipedia.org/wiki/Fl%C3%B6ten_und_Dolche
31219,https://en.wikipedia.org/wiki/WPA_Slave_Narrative_Collection
31347,https://en.wikipedia.org/wiki/Contos_(E%C3%A7a_de_Queiroz)
31348,https://eo.wikipedia.org/wiki/La_mirinda_sor%C4%89isto_de_Oz
31431,https://en.wikipedia.org/wiki/Histoires_ou_contes_du_temps_pass%C3%A9
31459,https://de.wikipedia.org/wiki/Onkel_Toms_H%C3%BCtte
31459,https://en.wikipedia.org/wiki/Uncle_Tom%27s_Cabin
31544,https://fr.wikipedia.org/wiki/L%27Invasion_ou_le_Fou_Y%C3%A9gof
31552,https://pt.wikipedia.org/wiki/Novo_Dicion%C3%A1rio_da_L%C3%ADngua_Portuguesa
31614,"https://en.wikipedia.org/wiki/The_Mass_Strike,_the_Political_Party_and_the_Trade_Unions"
31660,https://de.wikipedia.org/wiki/Die_Ermordung_einer_Butterblume_und_andere_Erz%C3%A4hlungen
31706,https://en.wikipedia.org/wiki/Milton%27s_1645_Poems
31743,"https://pt.wikipedia.org/wiki/Portugal_enfermo_por_vicios,_e_abusos_de_ambos_os_sexos"
31744,"https://pt.wikipedia.org/wiki/Portugal_enfermo_por_vicios,_e_abusos_de_ambos_os_sexos"
31824,https://en.wikipedia.org/wiki/The_%22Genius%22_(novel)
31834,https://de.wikipedia.org/wiki/Lebenslauf_des_heiligen_Wonnebald_P%C3%BCck
31845,"https://en.wikipedia.org/wiki/Lives_of_the_Most_Excellent_Painters,_Sculptors,_and_Architects"
31883,https://es.wikipedia.org/wiki/Curso_de_filosof%C3%ADa_positiva
31938,"https://en.wikipedia.org/wiki/Lives_of_the_Most_Excellent_Painters,_Sculptors,_and_Architects"
31945,https://en.wikipedia.org/wiki/St._Peter%27s_Umbrella_(novel)
31947,https://es.wikipedia.org/wiki/Curso_de_filosof%C3%ADa_positiva
31963,https://en.wikipedia.org/wiki/Der_fliegende_Holl%C3%A4nder
31968,https://en.wikipedia.org/wiki/Kum%C4%81rasambhava
32035,https://eo.wikipedia.org/wiki/La%C5%ADroj
32056,https://fr.wikipedia.org/wiki/Les_Soir%C3%A9es_de_l%27orchestre
32224,https://en.wikipedia.org/wiki/Tom_Brown%27s_School_Days
32265,https://it.wikipedia.org/wiki/Non_dir_quattro_se_non_l%27hai_nel_sacco
32315,https://es.wikipedia.org/wiki/La_vida_del_Busc%C3%B3n
32362,"https://en.wikipedia.org/wiki/Lives_of_the_Most_Excellent_Painters,_Sculptors,_and_Architects"
32373,https://en.wikipedia.org/wiki/Palgrave%27s_Golden_Treasury
32390,https://en.wikipedia.org/wiki/Black_Man%27s_Burden
32474,https://en.wikipedia.org/wiki/Historia_verdadera_de_la_conquista_de_la_Nueva_Espa%C3%B1a
32475,https://en.wikipedia.org/wiki/Historia_verdadera_de_la_conquista_de_la_Nueva_Espa%C3%B1a
32501,https://en.wikipedia.org/wiki/The_Golden_Age_(Grahame_book)
32528,https://en.wikipedia.org/wiki/Os_Lus%C3%ADadas
32530,https://en.wikipedia.org/wiki/Armageddon_2419_A.D.
32732,https://en.wikipedia.org/wiki/Jacob%27s_Ladder_(Oppenheim_novel)
32816,https://hu.wikipedia.org/wiki/Szirmay_Ilona_(reg%C3%A9ny)
32854,"https://en.wikipedia.org/wiki/Ars%C3%A8ne_Lupin,_Gentleman_Burglar"
32854,"https://fr.wikipedia.org/wiki/Ars%C3%A8ne_Lupin,_gentleman-cambrioleur"
33046,https://en.wikipedia.org/wiki/Harper%27s_Young_People
33056,https://pt.wikipedia.org/wiki/Hist%C3%B3rias_sem_Data
33111,"https://en.wikipedia.org/wiki/The_Origin_of_the_Family,_Private_Property_and_the_State"
33136,https://en.wikipedia.org/wiki/Harper%27s_Young_People
33203,"https://en.wikipedia.org/wiki/Lives_of_the_Most_Excellent_Painters,_Sculptors,_and_Architects"
33267,https://es.wikipedia.org/wiki/Facundo_o_civilizaci%C3%B3n_y_barbarie_en_las_pampas_argentinas
33294,https://en.wikipedia.org/wiki/Auf_der_H%C3%B6he
33360,"https://en.wikipedia.org/wiki/Dick_Sand,_A_Captain_at_Fifteen"
33404,"https://en.wikipedia.org/wiki/Wit_and_Mirth,_or_Pills_to_Purge_Melancholy"
33415,https://en.wikipedia.org/wiki/Pandora%27s_Box_(play)
33454,"https://fr.wikipedia.org/wiki/Mathilde,_M%C3%A9moires_d%27une_jeune_femme"
33500,https://en.wikipedia.org/wiki/Ayala%27s_Angel
33511,https://en.wikipedia.org/wiki/Histoires_ou_contes_du_temps_pass%C3%A9
33749,https://pt.wikipedia.org/wiki/O_Anel_Misterioso%3A_Cenas_da_Guerra_Peninsular
33777,https://en.wikipedia.org/wiki/Tom_Brown%27s_School_Days
33931,https://en.wikipedia.org/wiki/Histoires_ou_contes_du_temps_pass%C3%A9
34059,https://en.wikipedia.org/wiki/West%E2%80%93%C3%B6stlicher_Divan
34137,https://en.wikipedia.org/wiki/Man%27s_Place_in_Nature
34236,https://sv.wikipedia.org/wiki/I_v%C3%A5rbrytningen
34280,https://en.wikipedia.org/wiki/Lightnin%27_(play)
34285,https://fr.wikipedia.org/wiki/Partie_carr%C3%A9e_(Th%C3%A9ophile_Gautier)
34300,"https://en.wikipedia.org/wiki/Leonardo_da_Vinci,_A_Memory_of_His_Childhood"
34378,"https://en.wikipedia.org/wiki/Hans_Brinker,_or_The_Silver_Skates"
34384,"https://en.wikipedia.org/wiki/The_Philippine_Islands,_1493%E2%80%931898"
34469,https://fr.wikipedia.org/wiki/L%27Atlantide_(roman)
34519,https://it.wikipedia.org/wiki/Mastr%27Impicca
34544,https://en.wikipedia.org/wiki/This_Is_Not_a_Story
34601,https://en.wikipedia.org/wiki/Gammer_Gurton%27s_Garland
34641,https://it.wikipedia.org/wiki/Gl%27ingannati
34643,https://de.wikipedia.org/wiki/Carmen_(M%C3%A9rim%C3%A9e)
34692,https://fr.wikipedia.org/wiki/Mademoiselle_de_La_Seigli%C3%A8re_(roman)
34693,https://fr.wikipedia.org/wiki/Mademoiselle_de_La_Seigli%C3%A8re_(roman)
34717,https://de.wikipedia.org/wiki/Die_Verwirrungen_des_Z%C3%B6glings_T%C3%B6rle%C3%9F
34717,https://en.wikipedia.org/wiki/The_Confusions_of_Young_T%C3%B6rless
34815,https://en.wikipedia.org/wiki/Janes_All_the_World%27s_Aircraft
34841,https://fr.wikipedia.org/wiki/La_M%C3%A8re_coupable
34881,https://es.wikipedia.org/wiki/Men%C3%B3n
35041,"https://en.wikipedia.org/wiki/Johann_Sebastian_Bach%3A_His_Life,_Art,_and_Work"
35103,https://en.wikipedia.org/wiki/Le_Vingti%C3%A8me_si%C3%A8cle._La_vie_%C3%A9lectrique
35103,https://fr.wikipedia.org/wiki/Le_Vingti%C3%A8me_Si%C3%A8cle_%3A_La_Vie_%C3%A9lectrique
35117,https://en.wikipedia.org/wiki/Lord_Tony%27s_Wife
35323,https://ro.wikipedia.org/wiki/Opera_poetic%C4%83_a_lui_Mihai_Eminescu
35328,https://de.wikipedia.org/wiki/K%C3%B6nigliche_Hoheit_(Roman)
35339,https://de.wikipedia.org/wiki/Der_Doppelg%C3%A4nger_(Dostojewski)
35379,https://en.wikipedia.org/wiki/WPA_Slave_Narrative_Collection
35380,https://en.wikipedia.org/wiki/WPA_Slave_Narrative_Collection
35381,https://en.wikipedia.org/wiki/WPA_Slave_Narrative_Collection
35391,"https://en.wikipedia.org/wiki/The_Philippine_Islands,_1493%E2%80%931898"
35404,https://fr.wikipedia.org/wiki/Les_Petites_Filles_mod%C3%A8les
35474,https://en.wikipedia.org/wiki/The_Shepherd%27s_Calendar_(James_Hogg)
35549,https://en.wikipedia.org/wiki/Delusion_and_Dream_in_Jensen%27s_Gradiva
35752,https://en.wikipedia.org/wiki/Blacker%27s_Art_of_Fly_Making
35786,https://en.wikipedia.org/wiki/She%27s_All_the_World_to_Me
35859,https://en.wikipedia.org/wiki/Aunt_Jane%27s_Nieces_on_the_Ranch
35897,https://fr.wikipedia.org/wiki/L%27Illustration
35899,https://en.wikipedia.org/wiki/Filipinas_dentro_de_cien_a%C3%B1os
35959,https://en.wikipedia.org/wiki/The_Widow%27s_Vow
36020,https://en.wikipedia.org/wiki/WPA_Slave_Narrative_Collection
36022,https://en.wikipedia.org/wiki/WPA_Slave_Narrative_Collection
36075,https://en.wikipedia.org/wiki/The_King%27s_Pilgrimage
36120,"https://en.wikipedia.org/wiki/Essays,_Moral,_Political,_and_Literary"
36132,https://en.wikipedia.org/wiki/The_Parent%27s_Assistant
36164,https://en.wikipedia.org/wiki/Siebenk%C3%A4s
36190,https://fi.wikipedia.org/wiki/V%C3%A4lsk%C3%A4rin_kertomuksia
36225,https://en.wikipedia.org/wiki/G%C3%B6sta_Berling%27s_Saga
36225,https://es.wikipedia.org/wiki/La_leyenda_de_G%C3%B6sta_Berling
36239,https://it.wikipedia.org/wiki/Fatalit%C3%A0_(Ada_Negri)
36278,https://fi.wikipedia.org/wiki/V%C3%A4lsk%C3%A4rin_kertomuksia
36289,"https://en.wikipedia.org/wiki/Ormond%3B_or,_the_Secret_Witness"
36290,"https://en.wikipedia.org/wiki/Ormond%3B_or,_the_Secret_Witness"
36291,"https://en.wikipedia.org/wiki/Ormond%3B_or,_the_Secret_Witness"
36328,https://fi.wikipedia.org/wiki/V%C3%A4lsk%C3%A4rin_kertomuksia
36378,https://en.wikipedia.org/wiki/Aphrodite%3A_m%C5%93urs_antiques
36408,https://fi.wikipedia.org/wiki/V%C3%A4lsk%C3%A4rin_kertomuksia
36462,https://en.wikipedia.org/wiki/Le_Morte_d%27Arthur
36466,https://fi.wikipedia.org/wiki/V%C3%A4lsk%C3%A4rin_kertomuksia
36483,https://en.wikipedia.org/wiki/Wilhelm_Meister%27s_Apprenticeship
36494,https://en.wikipedia.org/wiki/The_Devil%27s_Elixirs
36520,"https://en.wikipedia.org/wiki/The_Descent_of_Man,_and_Selection_in_Relation_to_Sex"
36527,https://fi.wikipedia.org/wiki/V%C3%A4lsk%C3%A4rin_kertomuksia
36528,https://en.wikipedia.org/wiki/Monsieur_V%C3%A9nus
36528,https://fr.wikipedia.org/wiki/Monsieur_V%C3%A9nus
36896,"https://en.wikipedia.org/wiki/Benjamin_Franklin,_Self-Revealed"
36897,"https://en.wikipedia.org/wiki/Benjamin_Franklin,_Self-Revealed"
37005,https://en.wikipedia.org/wiki/The_Devil%27s_Elixirs
37040,https://fr.wikipedia.org/wiki/L%27Illustration
37123,https://it.wikipedia.org/wiki/San_Pantaleone_(D%27Annunzio)
37138,https://fr.wikipedia.org/wiki/Isis_(r%C3%A9cit)
37195,https://en.wikipedia.org/wiki/The_Beaux%27_Stratagem
37201,https://fr.wikipedia.org/wiki/Le_Roman_de_L%C3%A9onard_de_Vinci
37316,https://en.wikipedia.org/wiki/Les_Mis%C3%A9rables
37316,https://nl.wikipedia.org/wiki/Les_Mis%C3%A9rables_(boek)
37397,https://en.wikipedia.org/wiki/Tales_of_Mystery_%26_Imagination
37442,https://en.wikipedia.org/wiki/Gulliver%27s_Travels
37579,https://de.wikipedia.org/wiki/Fritz_Kochers_Aufs%C3%A4tze
37663,https://en.wikipedia.org/wiki/Les_Mis%C3%A9rables
37663,https://nl.wikipedia.org/wiki/Les_Mis%C3%A9rables_(boek)
37749,https://en.wikipedia.org/wiki/Les_Mis%C3%A9rables
37749,https://nl.wikipedia.org/wiki/Les_Mis%C3%A9rables_(boek)
37835,https://fi.wikipedia.org/wiki/Rikhard_III_(n%C3%A4ytelm%C3%A4)
37841,"https://en.wikipedia.org/wiki/Human,_All_Too_Human"
37854,https://fr.wikipedia.org/wiki/Lou_Pou%C3%A8mo_d%C3%B3u_Rose
37869,https://en.wikipedia.org/wiki/Les_Mis%C3%A9rables
37869,https://nl.wikipedia.org/wiki/Les_Mis%C3%A9rables_(boek)
37951,https://fr.wikipedia.org/wiki/Vie_de_Tolsto%C3%AF
37965,https://en.wikipedia.org/wiki/Caesar%27s_Wife_(play)
37989,https://fr.wikipedia.org/wiki/Lettres_d%27un_voyageur
38080,https://da.wikipedia.org/wiki/F%C3%A6drene_%C3%A6de_druer
38145,"https://en.wikipedia.org/wiki/Human,_All_Too_Human"
38163,https://en.wikipedia.org/wiki/Les_Mis%C3%A9rables
38163,https://nl.wikipedia.org/wiki/Les_Mis%C3%A9rables_(boek)
38165,https://en.wikipedia.org/wiki/The_Shack_(Blasco_Ib%C3%A1%C3%B1ez_novel)
38220,https://da.wikipedia.org/wiki/Ved_Nytaarstid_i_N%C3%B8ddebo_Pr%C3%A6stegaard
38224,https://fi.wikipedia.org/wiki/Suomalaisen_talonpojan_koti-l%C3%A4%C3%A4k%C3%A4ri
38241,https://en.wikipedia.org/wiki/Uncle%27s_Dream
38281,https://de.wikipedia.org/wiki/K%C3%B6nig_Kandaules
38336,https://de.wikipedia.org/wiki/Die_Br%C3%BCder_Karamasow
38382,https://en.wikipedia.org/wiki/Curtis%27s_Botanical_Magazine
38600,https://en.wikipedia.org/wiki/The_World%27s_Sixteen_Crucified_Saviors
38674,https://fr.wikipedia.org/wiki/De_la_Terre_%C3%A0_la_Lune
38690,https://en.wikipedia.org/wiki/What_Is_to_Be_Done%3F_(Tolstoy_book)
38692,https://en.wikipedia.org/wiki/Tonio_Kr%C3%B6ger
38704,https://en.wikipedia.org/wiki/Uncle_Tom%27s_Cabin
38748,"https://en.wikipedia.org/wiki/The_Philippine_Islands,_1493%E2%80%931898"
38754,https://de.wikipedia.org/wiki/Was_hei%C3%9Ft%3A_sich_im_Denken_orientieren%3F
38777,"https://en.wikipedia.org/wiki/Lad,_A_Dog"
38849,https://fr.wikipedia.org/wiki/L%27Oiseau_bleu
38925,https://fr.wikipedia.org/wiki/Les_%C3%89nigmes_de_l%27Univers_(Haeckel)
38931,"https://en.wikipedia.org/wiki/The_Perjur%27d_Husband%3A_or,_The_Adventures_of_Venice"
38990,https://en.wikipedia.org/wiki/Ovington%27s_Bank
39127,https://en.wikipedia.org/wiki/Eleventh_edition_of_the_Encyclop%C3%A6dia_Britannica
39270,"https://en.wikipedia.org/wiki/The_Life_and_Opinions_of_Tristram_Shandy,_Gentleman"
39272,"https://en.wikipedia.org/wiki/The_Inventions,_Researches,_and_Writings_of_Nikola_Tesla"
39397,https://en.wikipedia.org/wiki/One_of_Cleopatra%27s_Nights_and_Other_Fantastic_Romances
39519,https://en.wikipedia.org/wiki/Agincourt._A_Romance.
39557,"https://en.wikipedia.org/wiki/Henry_IV,_Part_1"
39557,https://sv.wikipedia.org/wiki/Henrik_IV_(pj%C3%A4s)
39575,https://de.wikipedia.org/wiki/Aur%C3%A9lia_ou_le_R%C3%AAve_et_la_Vie
39636,https://sv.wikipedia.org/wiki/Henrik_IV_(pj%C3%A4s)
39704,https://it.wikipedia.org/wiki/Annali_d%27Italia
39765,https://fr.wikipedia.org/wiki/Les_Fran%C3%A7ais_peints_par_eux-m%C3%AAmes
39816,https://de.wikipedia.org/wiki/Der_F%C3%BCrst
39906,"https://en.wikipedia.org/wiki/Farewell,_Nikola"
39976,https://fr.wikipedia.org/wiki/Jacques_le_Fataliste_et_son_ma%C3%AEtre
40070,"https://en.wikipedia.org/wiki/Henry_VI,_Part_1"
40088,https://en.wikipedia.org/wiki/Grimms%27_Fairy_Tales
40088,https://hu.wikipedia.org/wiki/Gyermek-_%C3%A9s_csal%C3%A1di_mes%C3%A9k
40115,"https://en.wikipedia.org/wiki/Henry_VI,_Part_2"
40174,"https://en.wikipedia.org/wiki/Henry_VI,_Part_3"
40203,https://en.wikipedia.org/wiki/Ars%C3%A8ne_Lupin_versus_Herlock_Sholmes
40559,https://en.wikipedia.org/wiki/El_G%C3%BCeg%C3%BCense
40854,https://pt.wikipedia.org/wiki/Versuche_%C3%BCber_Pflanzen-Hybriden
40882,"https://en.wikipedia.org/wiki/Felix_Holt,_the_Radical"
40986,https://en.wikipedia.org/wiki/Oera_Linda_Book
41128,https://en.wikipedia.org/wiki/K%C4%81dambar%C4%AB
41197,https://vi.wikipedia.org/wiki/Beobachtungen_%C3%BCber_das_Gef%C3%BChl_des_Sch%C3%B6nen_und_Erhabenen
41211,https://en.wikipedia.org/wiki/La_Com%C3%A9die_humaine
41211,https://fr.wikipedia.org/wiki/La_Com%C3%A9die_humaine
41218,https://en.wikipedia.org/wiki/John_Evelyn%27s_Diary
41355,https://en.wikipedia.org/wiki/Miss_Ravenel%27s_Conversion_from_Secession_to_Loyalty
41363,https://fi.wikipedia.org/wiki/Salaper%C3%A4inen_saari
41387,https://en.wikipedia.org/wiki/Lippincott%27s_Monthly_Magazine
41439,https://en.wikipedia.org/wiki/Niels_Klim%27s_Underground_Travels
41486,https://fr.wikipedia.org/wiki/La_Sorci%C3%A8re_(essai)
41487,https://en.wikipedia.org/wiki/Ian_Hamilton%27s_March
41670,https://hu.wikipedia.org/wiki/A_nagyenyedi_k%C3%A9t_f%C5%B1zfa_(elbesz%C3%A9l%C3%A9s)
41902,https://en.wikipedia.org/wiki/Eleventh_edition_of_the_Encyclop%C3%A6dia_Britannica
41908,https://en.wikipedia.org/wiki/Los_Sue%C3%B1os
41950,https://en.wikipedia.org/wiki/Los_Sue%C3%B1os
41984,https://fr.wikipedia.org/wiki/Les_Imm%C3%A9moriaux
42036,https://fr.wikipedia.org/wiki/Le_Cr%C3%A9puscule_des_dieux_(%C3%89l%C3%A9mir_Bourges)
42075,https://en.wikipedia.org/wiki/Harris%27s_List_of_Covent_Garden_Ladies
42081,https://en.wikipedia.org/wiki/John_Evelyn%27s_Diary
42108,"https://en.wikipedia.org/wiki/A_Dictionary_of_Modern_Slang,_Cant,_and_Vulgar_Words"
42131,https://fr.wikipedia.org/wiki/Trait%C3%A9_sur_la_tol%C3%A9rance
42338,https://en.wikipedia.org/wiki/Klingsor%27s_Last_Summer
42424,https://es.wikipedia.org/wiki/Sonatas_(Valle-Incl%C3%A1n)
42472,https://en.wikipedia.org/wiki/Madame_Sans-G%C3%AAne_(play)
42472,https://es.wikipedia.org/wiki/Madame_Sans-G%C3%AAne_(obra_de_teatro)
42473,https://en.wikipedia.org/wiki/Eleventh_edition_of_the_Encyclop%C3%A6dia_Britannica
42506,https://en.wikipedia.org/wiki/Holinshed%27s_Chronicles
42509,https://en.wikipedia.org/wiki/B%C3%A9lisaire
42509,https://fr.wikipedia.org/wiki/B%C3%A9lisaire_(Marmontel)
42648,https://en.wikipedia.org/wiki/Gulliver%27s_Travels
42673,https://en.wikipedia.org/wiki/Forse_che_s%C3%AC_forse_che_no
42673,https://it.wikipedia.org/wiki/Forse_che_s%C3%AC_forse_che_no_(romanzo)
42727,https://es.wikipedia.org/wiki/La_alegr%C3%ADa_del_Capit%C3%A1n_Ribot
42873,https://fi.wikipedia.org/wiki/Henrik_VIII_(n%C3%A4ytelm%C3%A4)
42898,https://fi.wikipedia.org/wiki/Paljon_melua_tyhj%C3%A4st%C3%A4
42942,https://pt.wikipedia.org/wiki/O_Primo_Bas%C3%ADlio
42966,https://fi.wikipedia.org/wiki/Kuinka_%C3%A4k%C3%A4pussi_kesytet%C3%A4%C3%A4n
43003,https://fr.wikipedia.org/wiki/La_M%C3%A8re_de_Dieu
43004,https://fr.wikipedia.org/wiki/La_P%C3%AAcheuse_d%27%C3%A2mes
43028,"https://en.wikipedia.org/wiki/The_Imported_Bridegroom,_and_Other_Stories_of_the_New_York_Ghetto"
43030,https://es.wikipedia.org/wiki/La_maja_desnuda_(Vicente_Blasco_Ib%C3%A1%C3%B1ez)
43279,https://en.wikipedia.org/wiki/G%C3%B6sta_Berling%27s_Saga
43279,https://fi.wikipedia.org/wiki/G%C3%B6sta_Berlingin_taru
43430,https://en.wikipedia.org/wiki/Jerusalem_(Lagerl%C3%B6f_novel)
43478,https://hu.wikipedia.org/wiki/T%C3%B6r%C3%B6korsz%C3%A1gi_levelek
43479,https://hu.wikipedia.org/wiki/T%C3%B6r%C3%B6korsz%C3%A1gi_levelek
43575,https://it.wikipedia.org/wiki/Annali_d%27Italia
43652,https://fr.wikipedia.org/wiki/Les_Myst%C3%A8res_d%27Udolphe
43724,https://no.wikipedia.org/wiki/Markens_Gr%C3%B8de
43725,https://no.wikipedia.org/wiki/Markens_Gr%C3%B8de
43759,https://de.wikipedia.org/wiki/Gefl%C3%BCgelte_Worte
43851,https://en.wikipedia.org/wiki/La_Com%C3%A9die_humaine
43858,https://en.wikipedia.org/wiki/Curtis%27s_Botanical_Magazine
43931,"https://de.wikipedia.org/wiki/Wallenstein_(Roman,_D%C3%B6blin)"
43932,"https://de.wikipedia.org/wiki/Wallenstein_(Roman,_D%C3%B6blin)"
43933,https://de.wikipedia.org/wiki/Der_operirte_Jud%E2%80%99
43987,https://de.wikipedia.org/wiki/Die_drei_Spr%C3%BCnge_des_Wang-lun
44070,https://en.wikipedia.org/wiki/Le_M%C3%A9nagier_de_Paris
44125,https://en.wikipedia.org/wiki/Histories_(Polybius)
44126,https://en.wikipedia.org/wiki/Histories_(Polybius)
44358,https://es.wikipedia.org/wiki/La_t%C3%ADa_Tula
44453,https://en.wikipedia.org/wiki/Froissart%27s_Chronicles
44455,https://en.wikipedia.org/wiki/No%C3%A9mi_(novel)
44512,https://en.wikipedia.org/wiki/Abel_S%C3%A1nchez%3A_The_History_of_a_Passion
44512,https://es.wikipedia.org/wiki/Abel_S%C3%A1nchez
44580,https://en.wikipedia.org/wiki/All%27s_Well_That_Ends_Well
44580,"https://fi.wikipedia.org/wiki/Loppu_hyvin,_kaikki_hyvin"
44620,https://fr.wikipedia.org/wiki/Le_Crime_d%27Orcival
44699,https://en.wikipedia.org/wiki/Ph%C3%A8dre
44700,https://en.wikipedia.org/wiki/Holinshed%27s_Chronicles
44831,https://fi.wikipedia.org/wiki/Kes%C3%A4y%C3%B6n_unelma
44840,https://en.wikipedia.org/wiki/The_Winter%27s_Tale
44845,https://fi.wikipedia.org/wiki/Myrsky_(n%C3%A4ytelm%C3%A4)
44861,https://fr.wikipedia.org/wiki/L%27Illustration
44877,https://de.wikipedia.org/wiki/L%E2%80%99%C3%89cole_des_filles
44877,https://en.wikipedia.org/wiki/L%27Escole_des_Filles
44892,https://en.wikipedia.org/wiki/Gulliver%27s_Travels
44895,"https://en.wikipedia.org/wiki/No_Cross,_No_Crown"
44917,https://en.wikipedia.org/wiki/Delusion_and_Dream_in_Jensen%27s_Gradiva
45046,https://en.wikipedia.org/wiki/Grimms%27_Fairy_Tales
45058,https://fr.wikipedia.org/wiki/Les_Tribulations_d%27un_Chinois_en_Chine_(roman)
45060,https://en.wikipedia.org/wiki/La_Com%C3%A9die_humaine
45060,https://fr.wikipedia.org/wiki/La_Com%C3%A9die_humaine
45091,https://de.wikipedia.org/wiki/Fr%C3%BChlings_Erwachen
45101,"https://en.wikipedia.org/wiki/The_Philippine_Islands,_1493%E2%80%931898"
45145,https://en.wikipedia.org/wiki/G%C3%B6tz_von_Berlichingen_(Goethe)
45215,https://it.wikipedia.org/wiki/Storia_della_decadenza_e_caduta_dell%27Impero_romano
45216,https://it.wikipedia.org/wiki/Storia_della_decadenza_e_caduta_dell%27Impero_romano
45217,https://it.wikipedia.org/wiki/Storia_della_decadenza_e_caduta_dell%27Impero_romano
45218,https://it.wikipedia.org/wiki/Storia_della_decadenza_e_caduta_dell%27Impero_romano
45219,https://it.wikipedia.org/wiki/Storia_della_decadenza_e_caduta_dell%27Impero_romano
45220,https://it.wikipedia.org/wiki/Storia_della_decadenza_e_caduta_dell%27Impero_romano
45221,https://it.wikipedia.org/wiki/Storia_della_decadenza_e_caduta_dell%27Impero_romano
45222,https://it.wikipedia.org/wiki/Storia_della_decadenza_e_caduta_dell%27Impero_romano
45223,https://it.wikipedia.org/wiki/Storia_della_decadenza_e_caduta_dell%27Impero_romano
45224,https://it.wikipedia.org/wiki/Storia_della_decadenza_e_caduta_dell%27Impero_romano
45225,https://it.wikipedia.org/wiki/Storia_della_decadenza_e_caduta_dell%27Impero_romano
45226,https://it.wikipedia.org/wiki/Storia_della_decadenza_e_caduta_dell%27Impero_romano
45227,https://it.wikipedia.org/wiki/Storia_della_decadenza_e_caduta_dell%27Impero_romano
45366,https://en.wikipedia.org/wiki/History_of_Anglo-Saxon_England
45369,https://en.wikipedia.org/wiki/Pictures_from_the_Insects%27_Life
45445,https://fi.wikipedia.org/wiki/Esseit%C3%A4_(Michel_de_Montaigne)
45487,https://fi.wikipedia.org/wiki/Er%C3%A4maan_kutsu
45509,https://en.wikipedia.org/wiki/Tess_of_the_d%27Urbervilles
45526,https://en.wikipedia.org/wiki/Holinshed%27s_Chronicles
45550,https://en.wikipedia.org/wiki/M%C3%A9moires_d%27Outre-Tombe
45550,https://fr.wikipedia.org/wiki/M%C3%A9moires_d%27outre-tombe
45593,https://en.wikipedia.org/wiki/Holinshed%27s_Chronicles
45611,https://en.wikipedia.org/wiki/Holinshed%27s_Chronicles
45614,https://en.wikipedia.org/wiki/Holinshed%27s_Chronicles
45681,https://en.wikipedia.org/wiki/Holinshed%27s_Chronicles
45787,"https://fr.wikipedia.org/wiki/Zofloya,_ou_le_Maure"
45829,https://es.wikipedia.org/wiki/La_ara%C3%B1a_negra
45830,https://es.wikipedia.org/wiki/La_ara%C3%B1a_negra
45831,https://es.wikipedia.org/wiki/La_ara%C3%B1a_negra
45832,https://es.wikipedia.org/wiki/La_ara%C3%B1a_negra
45833,https://es.wikipedia.org/wiki/La_ara%C3%B1a_negra
45834,https://es.wikipedia.org/wiki/La_ara%C3%B1a_negra
45835,https://es.wikipedia.org/wiki/La_ara%C3%B1a_negra
45836,https://es.wikipedia.org/wiki/La_ara%C3%B1a_negra
45837,https://es.wikipedia.org/wiki/La_ara%C3%B1a_negra
45966,"https://en.wikipedia.org/wiki/Eurico,_the_Presbyter"
45966,"https://pt.wikipedia.org/wiki/Eurico,_o_Presb%C3%ADtero"
46125,https://en.wikipedia.org/wiki/El_Busc%C3%B3n
46173,https://en.wikipedia.org/wiki/Tourmalin%27s_Time_Cheques
46182,https://es.wikipedia.org/wiki/Sonatas_(Valle-Incl%C3%A1n)
46185,https://en.wikipedia.org/wiki/The_Devil_(Moln%C3%A1r_play)
46226,https://en.wikipedia.org/wiki/Niobe_(Paulton_play)
46290,https://en.wikipedia.org/wiki/Pan_(Hamsun_novel)
46340,"https://en.wikipedia.org/wiki/Emile,_or_On_Education"
46355,https://it.wikipedia.org/wiki/Annali_d%27Italia
46392,"https://en.wikipedia.org/wiki/Illustrations_of_the_Family_of_Psittacidae,_or_Parrots"
46531,https://en.wikipedia.org/wiki/Yoga_Vasishtha
46569,https://en.wikipedia.org/wiki/Alice%27s_Adventures_in_Wonderland
46638,https://fi.wikipedia.org/wiki/N%C3%A4kym%C3%A4t%C3%B6n_mies_(Wells)
46667,https://en.wikipedia.org/wiki/Holinshed%27s_Chronicles
46668,https://en.wikipedia.org/wiki/Holinshed%27s_Chronicles
46669,https://en.wikipedia.org/wiki/Holinshed%27s_Chronicles
46670,https://en.wikipedia.org/wiki/Holinshed%27s_Chronicles
46671,https://en.wikipedia.org/wiki/Holinshed%27s_Chronicles
46672,https://en.wikipedia.org/wiki/Holinshed%27s_Chronicles
46747,https://fr.wikipedia.org/wiki/Gabriel_Lambert_(roman)
46842,https://en.wikipedia.org/wiki/Un_jardin_sur_l%27Oronte
46842,https://fr.wikipedia.org/wiki/Un_jardin_sur_l%27Oronte
46853,https://en.wikipedia.org/wiki/Le_Morte_d%27Arthur
46909,https://en.wikipedia.org/wiki/Bouvard_and_P%C3%A9cuchet
46921,https://en.wikipedia.org/wiki/Pens%C3%A9es
46957,"https://it.wikipedia.org/wiki/Niccol%C3%B2_de%27_Lapi,_ovvero_i_Palleschi_e_i_Piagnoni"
47018,"https://en.wikipedia.org/wiki/A_Dictionary_of_Modern_Slang,_Cant,_and_Vulgar_Words"
47027,https://hu.wikipedia.org/wiki/Nagy_Magyarok_%C3%89lete
47057,https://es.wikipedia.org/wiki/Las_inquietudes_de_Shanti_And%C3%ADa
47074,https://en.wikipedia.org/wiki/Mim%C3%AC_Bluette..._fiore_del_mio_giardino
47074,https://it.wikipedia.org/wiki/Mim%C3%AC_Bluette_fiore_del_mio_giardino
47104,https://fi.wikipedia.org/wiki/Kultainen_vasikka_(n%C3%A4ytelm%C3%A4)
47130,https://en.wikipedia.org/wiki/George_Anson%27s_voyage_around_the_world
47154,https://fi.wikipedia.org/wiki/Hirvenhiiht%C3%A4j%C3%A4t
47210,https://fi.wikipedia.org/wiki/Nuoren_Wertherin_k%C3%A4rsimykset
47257,https://fi.wikipedia.org/wiki/Prinssi_ja_kerj%C3%A4l%C3%A4ispoika
47410,"https://en.wikipedia.org/wiki/Tom_Sawyer,_Detective"
47430,"https://en.wikipedia.org/wiki/Fanny_Campbell,_the_Female_Pirate_Captain"
47465,https://de.wikipedia.org/wiki/Der_Ackermann_aus_B%C3%B6hmen
47465,https://en.wikipedia.org/wiki/Der_Ackermann_aus_B%C3%B6hmen
47522,https://fr.wikipedia.org/wiki/L%C3%A9gendes_d%C3%A9mocratiques_du_Nord
47542,https://hu.wikipedia.org/wiki/Mire_megv%C3%A9n%C3%BCl%C3%BCnk
47555,https://en.wikipedia.org/wiki/The_Wizard%27s_Son
47556,https://en.wikipedia.org/wiki/The_Wizard%27s_Son
47557,https://en.wikipedia.org/wiki/The_Wizard%27s_Son
47584,https://en.wikipedia.org/wiki/Noli_Me_T%C3%A1ngere_(novel)
47604,https://en.wikipedia.org/wiki/The_Belle%27s_Stratagem
47712,"https://fr.wikipedia.org/wiki/Les_Civilis%C3%A9s_(roman,_1905)"
47804,https://de.wikipedia.org/wiki/Die_R%C3%A4uber
47876,https://en.wikipedia.org/wiki/Les_Mis%C3%A9rables
47877,https://en.wikipedia.org/wiki/Les_Mis%C3%A9rables
47927,"https://en.wikipedia.org/wiki/The_Philippine_Islands,_1493%E2%80%931898"
47953,"https://en.wikipedia.org/wiki/The_Philippine_Islands,_1493%E2%80%931898"
47958,https://en.wikipedia.org/wiki/The_Minister%27s_Wooing
47983,https://fi.wikipedia.org/wiki/Lumikenttien_tyt%C3%A4r
48004,https://fr.wikipedia.org/wiki/Souvenirs_d%27%C3%A9gotisme
48006,https://fr.wikipedia.org/wiki/Consid%C3%A9rations_inactuelles
48033,https://eo.wikipedia.org/wiki/Pa%C4%9Doj_el_la_Flandra_Literaturo
48060,https://sv.wikipedia.org/wiki/G%C3%B6tiska_rummen
48082,https://fr.wikipedia.org/wiki/La_Com%C3%A9die_humaine
48091,https://es.wikipedia.org/wiki/La_familia_de_Le%C3%B3n_Roch
48092,https://es.wikipedia.org/wiki/La_familia_de_Le%C3%B3n_Roch
48093,https://es.wikipedia.org/wiki/La_familia_de_Le%C3%B3n_Roch
48125,https://fi.wikipedia.org/wiki/Syrj%C3%A4st%C3%A4katsojan_tarina
48188,https://it.wikipedia.org/wiki/Annali_d%27Italia
48224,https://en.wikipedia.org/wiki/The_Girl%27s_Own_Paper
48255,https://fi.wikipedia.org/wiki/Sukelluslaivalla_maapallon_ymp%C3%A4ri
48383,https://fr.wikipedia.org/wiki/Histoires_grotesques_et_s%C3%A9rieuses
48400,https://it.wikipedia.org/wiki/L%27illusione
48434,https://en.wikipedia.org/wiki/Peter_Pan_(play_and_novel)
48464,https://de.wikipedia.org/wiki/Das_Stuttgarter_Hutzelm%C3%A4nnlein
48526,https://sv.wikipedia.org/wiki/Dansen_p%C3%A5_Fr%C3%B6tj%C3%A4rn
48527,https://de.wikipedia.org/wiki/Der_Doppelg%C3%A4nger_(Dostojewski)
48543,"https://de.wikipedia.org/wiki/Briefe,_die_ihn_nicht_erreichten_(Novelle)"
48554,"https://en.wikipedia.org/wiki/Baree,_Son_of_Kazan"
48618,https://de.wikipedia.org/wiki/Der_Klosterj%C3%A4ger_(Roman)
48618,https://en.wikipedia.org/wiki/The_Monastery%27s_Hunter_(novel)
48725,https://it.wikipedia.org/wiki/Colomba_(M%C3%A9rim%C3%A9e)
48731,https://en.wikipedia.org/wiki/Les_Mis%C3%A9rables
48732,https://en.wikipedia.org/wiki/Les_Mis%C3%A9rables
48733,https://en.wikipedia.org/wiki/Les_Mis%C3%A9rables
48734,https://en.wikipedia.org/wiki/Les_Mis%C3%A9rables
48735,https://en.wikipedia.org/wiki/Les_Mis%C3%A9rables
48738,https://sv.wikipedia.org/wiki/V%C3%A4rml%C3%A4nningarna
48855,https://en.wikipedia.org/wiki/Froissart%27s_Chronicles
48881,https://en.wikipedia.org/wiki/Salammb%C3%B4
48881,https://fr.wikipedia.org/wiki/Salammb%C3%B4
49004,https://fr.wikipedia.org/wiki/Les_%C3%89thiopiques_(H%C3%A9liodore)
49050,https://de.wikipedia.org/wiki/Synn%C3%B8ve_Solbakken
49050,https://en.wikipedia.org/wiki/Synn%C3%B8ve_Solbakken_(novel)
49088,"https://de.wikipedia.org/wiki/Zwischen_Himmel_und_Erde_(Erz%C3%A4hlung,_1856)"
49149,https://es.wikipedia.org/wiki/Amor_y_pedagog%C3%ADa
49207,"https://en.wikipedia.org/wiki/Anno_Domini_2000,_or,_Woman%27s_Destiny"
49254,https://en.wikipedia.org/wiki/Harper%27s_Young_People
49413,https://es.wikipedia.org/wiki/El_Se%C3%B1or_de_Bembibre
49423,https://en.wikipedia.org/wiki/St_Patrick%27s_Day_(play)
49482,https://en.wikipedia.org/wiki/La_Com%C3%A9die_humaine
49482,https://fr.wikipedia.org/wiki/La_Com%C3%A9die_humaine
49498,https://en.wikipedia.org/wiki/Rameau%27s_Nephew
49507,https://en.wikipedia.org/wiki/G%C3%B6tterd%C3%A4mmerung
49539,https://en.wikipedia.org/wiki/Chambers%27s_Edinburgh_Journal
49558,https://fi.wikipedia.org/wiki/Pohjalaisia_(n%C3%A4ytelm%C3%A4)
49565,https://en.wikipedia.org/wiki/Chambers%27s_Edinburgh_Journal
49761,https://fr.wikipedia.org/wiki/Le_Roi_au_masque_d%27or
49773,https://fr.wikipedia.org/wiki/L%27%C3%89ducation_sentimentale
49812,https://fi.wikipedia.org/wiki/Anna_yst%C3%A4v%C3%A4mme
49914,https://es.wikipedia.org/wiki/Cancionero_de_St%C3%BA%C3%B1iga
49928,https://de.wikipedia.org/wiki/Pan_Wo%C5%82odyjowski
49996,https://sv.wikipedia.org/wiki/Stj%C3%A4rnornas_kungabarn
50007,https://en.wikipedia.org/wiki/The_Bachelor_Girl_(novel)
50007,https://fr.wikipedia.org/wiki/La_Gar%C3%A7onne
50027,https://en.wikipedia.org/wiki/The_Maidens%27_Consent
50027,https://es.wikipedia.org/wiki/El_s%C3%AD_de_las_ni%C3%B1as
50097,https://en.wikipedia.org/wiki/Lady_Huntworth%27s_Experiment
50108,https://en.wikipedia.org/wiki/A_Father%27s_Legacy_to_His_Daughters
50111,"https://en.wikipedia.org/wiki/The_Philippine_Islands,_1493%E2%80%931898"
50151,"https://en.wikipedia.org/wiki/The_Philippine_Islands,_1493%E2%80%931898"
50183,https://en.wikipedia.org/wiki/Chambers%27s_Edinburgh_Journal
50202,https://en.wikipedia.org/wiki/Singoalla_(novel)
50280,https://en.wikipedia.org/wiki/Meissner%27s_Latin_Phrasebook
50316,https://en.wikipedia.org/wiki/La_Fontaine%27s_Fables
50356,https://en.wikipedia.org/wiki/Froissart%27s_Chronicles
50435,https://fr.wikipedia.org/wiki/La_Jeune_Fille_bien_%C3%A9lev%C3%A9e
50444,https://de.wikipedia.org/wiki/H%C3%B6xter_und_Corvey
50457,https://en.wikipedia.org/wiki/The_Luzumiyat
50680,https://en.wikipedia.org/wiki/Chambers%27s_Edinburgh_Journal
50746,https://en.wikipedia.org/wiki/The_Girl%27s_Own_Paper
50786,https://es.wikipedia.org/wiki/Curso_de_filosof%C3%ADa_positiva
50798,https://en.wikipedia.org/wiki/The_Girl%27s_Own_Paper
50926,https://fr.wikipedia.org/wiki/R%C3%A9cr%C3%A9ations_litt%C3%A9raires
51012,https://en.wikipedia.org/wiki/L%27Otage
51012,https://fr.wikipedia.org/wiki/L%27Otage
51014,https://en.wikipedia.org/wiki/Le_P%C3%A8re_humili%C3%A9
51014,https://fr.wikipedia.org/wiki/Le_P%C3%A8re_humili%C3%A9
51019,https://es.wikipedia.org/wiki/La_Biblia_en_Espa%C3%B1a
51020,https://es.wikipedia.org/wiki/La_Biblia_en_Espa%C3%B1a
51085,https://en.wikipedia.org/wiki/Helen%27s_Babies_(novel)
51099,https://en.wikipedia.org/wiki/Amad%C3%ADs_de_Gaula
51138,https://nl.wikipedia.org/wiki/De_koopman_van_Veneti%C3%AB_(toneelstuk)
51157,https://en.wikipedia.org/wiki/The_Pilgrim%27s_Progress
51172,https://fi.wikipedia.org/wiki/Pikku_miehi%C3%A4
51338,https://fr.wikipedia.org/wiki/Histoire_comique_des_%C3%89tats_et_Empires_de_la_Lune
51372,https://fr.wikipedia.org/wiki/Le_Baiser_au_l%C3%A9preux
51514,https://en.wikipedia.org/wiki/The_Historians%27_History_of_the_World
51529,https://en.wikipedia.org/wiki/When_the_Sleeper_Wakes
51529,https://fi.wikipedia.org/wiki/Kun_nukkuja_her%C3%A4%C3%A4
51689,https://es.wikipedia.org/wiki/La_Biblia_en_Espa%C3%B1a
51709,https://fr.wikipedia.org/wiki/Le_Nez_d%27un_notaire
51935,"https://en.wikipedia.org/wiki/Human,_All_Too_Human"
51942,https://en.wikipedia.org/wiki/The_Three_Godfathers_(short_story)
51950,https://en.wikipedia.org/wiki/The_Prodigal_Son_(Caine_novel)
52054,https://en.wikipedia.org/wiki/Two_Years%27_Vacation
52066,"https://en.wikipedia.org/wiki/Verses,_Popular_and_Humorous"
52077,"https://en.wikipedia.org/wiki/Corinne,_or_Italy"
52145,https://fr.wikipedia.org/wiki/L%27Enfant_charg%C3%A9_de_cha%C3%AEnes
52147,https://en.wikipedia.org/wiki/Holinshed%27s_Chronicles
52177,https://en.wikipedia.org/wiki/The_Historians%27_History_of_the_World
52267,https://en.wikipedia.org/wiki/Yingying%27s_Biography
52368,https://fi.wikipedia.org/wiki/Ensimm%C3%A4iset_ihmiset_kuussa
52377,https://it.wikipedia.org/wiki/Annali_d%27Italia
52409,https://ca.wikipedia.org/wiki/Visions_%26_Cants
52471,https://fi.wikipedia.org/wiki/Tyt%C3%B6ist%C3%A4_parhain
52487,https://en.wikipedia.org/wiki/Trait%C3%A9_%C3%89l%C3%A9mentaire_de_Chimie
52487,https://fr.wikipedia.org/wiki/Trait%C3%A9_%C3%A9l%C3%A9mentaire_de_chimie
52488,https://en.wikipedia.org/wiki/Trait%C3%A9_%C3%89l%C3%A9mentaire_de_Chimie
52488,https://fr.wikipedia.org/wiki/Trait%C3%A9_%C3%A9l%C3%A9mentaire_de_chimie
52489,https://en.wikipedia.org/wiki/Trait%C3%A9_%C3%89l%C3%A9mentaire_de_Chimie
52489,https://fr.wikipedia.org/wiki/Trait%C3%A9_%C3%A9l%C3%A9mentaire_de_chimie
52521,https://en.wikipedia.org/wiki/Grimms%27_Fairy_Tales
52681,"https://en.wikipedia.org/wiki/The_Philippine_Islands,_1493%E2%80%931898"
52790,https://en.wikipedia.org/wiki/History_of_a_Six_Weeks%27_Tour
52806,https://en.wikipedia.org/wiki/Guzm%C3%A1n_de_Alfarache
52831,https://en.wikipedia.org/wiki/La_Com%C3%A9die_humaine
52880,https://es.wikipedia.org/wiki/Curso_de_filosof%C3%ADa_positiva
52893,https://fr.wikipedia.org/wiki/L%27%C3%89ducation_sentimentale
52912,https://de.wikipedia.org/wiki/L%E2%80%99Adultera
52936,"https://en.wikipedia.org/wiki/Pamela%3B_or,_Virtue_Rewarded"
52938,https://en.wikipedia.org/wiki/Guzm%C3%A1n_de_Alfarache
52941,https://en.wikipedia.org/wiki/Amad%C3%ADs_de_Gaula
52948,https://en.wikipedia.org/wiki/Salammb%C3%B4
53003,https://es.wikipedia.org/wiki/Memorias_de_un_hombre_de_acci%C3%B3n
53032,https://en.wikipedia.org/wiki/William_%E2%80%93_an_Englishman
53081,https://en.wikipedia.org/wiki/Guzm%C3%A1n_de_Alfarache
53101,https://en.wikipedia.org/wiki/A_M%C3%A3o_e_a_Luva
53101,https://pt.wikipedia.org/wiki/A_M%C3%A3o_e_a_Luva
53103,https://en.wikipedia.org/wiki/Aesop%27s_Fables
53228,"https://en.wikipedia.org/wiki/The_Eclectic_Magazine_of_Foreign_Literature,_Science,_and_Art"
53250,https://en.wikipedia.org/wiki/The_Golden_Age_(Grahame_book)
53351,https://en.wikipedia.org/wiki/The_Gentleman%27s_Magazine
53365,https://fi.wikipedia.org/wiki/N%C3%A4lk%C3%A4_(romaani)
53397,https://fi.wikipedia.org/wiki/N%C3%A4in_puhui_Zarathustra
53529,https://en.wikipedia.org/wiki/Tha%C3%AFs_(novel)
53540,https://fr.wikipedia.org/wiki/Introduction_%C3%A0_la_vie_d%C3%A9vote
53575,https://en.wikipedia.org/wiki/With_Fire_and_Sword
53609,"https://en.wikipedia.org/wiki/The_Life_of_Josiah_Henson,_Formerly_a_Slave,_Now_an_Inhabitant_of_Canada,_as_Narrated_by_Himself"
53628,https://en.wikipedia.org/wiki/The_Stechlin
53706,https://de.wikipedia.org/wiki/Peter_Moors_Fahrt_nach_S%C3%BCdwest
53772,"https://en.wikipedia.org/wiki/The_Eclectic_Magazine_of_Foreign_Literature,_Science,_and_Art"
53783,https://fi.wikipedia.org/wiki/Kuolemaantuomitun_viimeinen_p%C3%A4iv%C3%A4
53872,https://fi.wikipedia.org/wiki/Muskettisoturien_viimeiset_uroty%C3%B6t
53929,"https://en.wikipedia.org/wiki/Baree,_Son_of_Kazan"
53947,https://en.wikipedia.org/wiki/The_Lady_from_Trev%C3%A9lez_(play)
53947,https://es.wikipedia.org/wiki/La_se%C3%B1orita_de_Trev%C3%A9lez
54041,"https://en.wikipedia.org/wiki/The_Philippine_Islands,_1493%E2%80%931898"
54117,"https://en.wikipedia.org/wiki/The_Eclectic_Magazine_of_Foreign_Literature,_Science,_and_Art"
54175,https://en.wikipedia.org/wiki/Mrs._Warren%27s_Profession
54182,https://en.wikipedia.org/wiki/Journal_d%27un_bourgeois_de_Paris
54182,https://la.wikipedia.org/wiki/Journal_d%27un_bourgeois_de_Paris
54202,https://de.wikipedia.org/wiki/Faust._Eine_Trag%C3%B6die
54202,https://en.wikipedia.org/wiki/Goethe%27s_Faust
54236,https://en.wikipedia.org/wiki/The_Intruder_(D%27Annunzio_novel)
54281,https://en.wikipedia.org/wiki/Mandeville%27s_Travels
54339,https://fr.wikipedia.org/wiki/L%27Ancien_R%C3%A9gime_et_la_R%C3%A9volution
54517,https://fi.wikipedia.org/wiki/Yst%C3%A4vyydest%C3%A4
54521,https://es.wikipedia.org/wiki/La_inc%C3%B3gnita
54655,https://en.wikipedia.org/wiki/Le_Morte_d%27Arthur
54655,https://fi.wikipedia.org/wiki/Le_Morte_d%E2%80%99Arthur
54723,https://fr.wikipedia.org/wiki/La_Com%C3%A9die_humaine
54740,"https://en.wikipedia.org/wiki/The_Philippine_Islands,_1493%E2%80%931898"
54743,https://en.wikipedia.org/wiki/M%C3%A9moires_d%27Outre-Tombe
54745,https://en.wikipedia.org/wiki/King_Solomon%27s_Mines
54765,https://en.wikipedia.org/wiki/The_Leopard%27s_Spots
54788,https://en.wikipedia.org/wiki/M%C3%A9moires_d%27Outre-Tombe
54807,https://en.wikipedia.org/wiki/M%C3%A9moires_d%27Outre-Tombe
54819,https://fr.wikipedia.org/wiki/Nouvelles_r%C3%A9cr%C3%A9ations_et_joyeux_devis
54829,https://en.wikipedia.org/wiki/The_Posthumous_Memoirs_of_Br%C3%A1s_Cubas
54829,https://pt.wikipedia.org/wiki/Mem%C3%B3rias_P%C3%B3stumas_de_Br%C3%A1s_Cubas
54879,https://en.wikipedia.org/wiki/M%C3%A9moires_d%27Outre-Tombe
55040,https://en.wikipedia.org/wiki/The_Nursery_%22Alice%22
55070,https://en.wikipedia.org/wiki/M%C3%A9moires_d%27Outre-Tombe
55124,https://en.wikipedia.org/wiki/M%C3%A9moires_d%27Outre-Tombe
55135,https://fr.wikipedia.org/wiki/P%27tit-Bonhomme
55195,https://en.wikipedia.org/wiki/The_Historians%27_History_of_the_World
55203,https://fr.wikipedia.org/wiki/813_(Ars%C3%A8ne_Lupin)
55210,https://en.wikipedia.org/wiki/The_Billions_of_Ars%C3%A8ne_Lupin
55256,https://en.wikipedia.org/wiki/M%C3%A9moires_d%27un_%C3%A2ne
55322,https://fi.wikipedia.org/wiki/Nelj%C3%A4_naista_ristill%C3%A4
55343,https://en.wikipedia.org/wiki/Ambassador_Morgenthau%27s_Story
55422,https://en.wikipedia.org/wiki/At_the_Sign_of_the_Reine_P%C3%A9dauque
55456,https://en.wikipedia.org/wiki/Alice%27s_Adventures_in_Wonderland
55456,https://fr.wikipedia.org/wiki/Les_Aventures_d%27Alice_au_pays_des_merveilles
55488,https://en.wikipedia.org/wiki/Son_Excellence_Eug%C3%A8ne_Rougon
55488,https://fr.wikipedia.org/wiki/Son_Excellence_Eug%C3%A8ne_Rougon
55497,https://en.wikipedia.org/wiki/The_Historians%27_History_of_the_World
55558,"https://en.wikipedia.org/wiki/The_Boarding_School%3B_or,_Lessons_of_a_Preceptress_to_Her_Pupils"
55597,https://en.wikipedia.org/wiki/Sam_Steele%27s_Adventures_on_Land_and_Sea
55637,https://fr.wikipedia.org/wiki/Les_Aventures_de_T%C3%A9l%C3%A9maque_(Aragon)
55638,"https://en.wikipedia.org/wiki/The_Cubist_Painters,_Aesthetic_Meditations"
55639,https://fr.wikipedia.org/wiki/Daphnis_et_Chlo%C3%A9_(Longus)
55659,"https://fr.wikipedia.org/wiki/Voyages_imaginaires,_songes,_visions_et_romans_cabalistiques"
55733,https://fr.wikipedia.org/wiki/Feu_de_joie_(po%C3%A8mes)
55808,https://en.wikipedia.org/wiki/Chambers%27s_Edinburgh_Journal
55860,https://en.wikipedia.org/wiki/La_Com%C3%A9die_humaine
55860,https://fr.wikipedia.org/wiki/La_Com%C3%A9die_humaine
55869,https://de.wikipedia.org/wiki/D%C3%A9couverte_de_la_terre%3A_Histoire_g%C3%A9n%C3%A9rale_des_grands_voyages_et_des_grands_voyageurs
55911,https://hu.wikipedia.org/wiki/A_j%C3%B6v%C5%91_sz%C3%A1zad_reg%C3%A9nye
55912,https://hu.wikipedia.org/wiki/A_j%C3%B6v%C5%91_sz%C3%A1zad_reg%C3%A9nye
55913,https://fi.wikipedia.org/wiki/Seitsem%C3%A4n_(novellikokoelma)
55924,https://fi.wikipedia.org/wiki/Set%C3%A4_Pitk%C3%A4s%C3%A4%C3%A4ri
55925,https://et.wikipedia.org/wiki/Otsustusv%C3%B5ime_kriitika
55938,https://fi.wikipedia.org/wiki/Kiljusen_herrasv%C3%A4ki
55954,https://eo.wikipedia.org/wiki/Stranga_Hereda%C4%B5o
56008,https://en.wikipedia.org/wiki/Mir%C3%A8io
56158,https://en.wikipedia.org/wiki/G%C3%B6sta_Berling%27s_Saga
56182,https://de.wikipedia.org/wiki/Die_Religion_innerhalb_der_Grenzen_der_blo%C3%9Fen_Vernunft
56272,https://pl.wikipedia.org/wiki/To_w%C5%82a%C5%9Bnie_Patty
56295,https://hu.wikipedia.org/wiki/T%C3%B6r%C3%B6k_vil%C3%A1g_Magyarorsz%C3%A1gon
56296,https://hu.wikipedia.org/wiki/T%C3%B6r%C3%B6k_vil%C3%A1g_Magyarorsz%C3%A1gon
56327,https://en.wikipedia.org/wiki/La_Fontaine%27s_Fables
56347,"https://en.wikipedia.org/wiki/The_Generall_Historie_of_Virginia,_New-England,_and_the_Summer_Isles"
56377,https://hu.wikipedia.org/wiki/Egy_magyar_n%C3%A1bob_(reg%C3%A9ny)
56378,https://hu.wikipedia.org/wiki/Egy_magyar_n%C3%A1bob_(reg%C3%A9ny)
56431,https://it.wikipedia.org/wiki/Annali_d%27Italia
56532,https://hu.wikipedia.org/wiki/Tan%C3%A1r_%C3%BAr_k%C3%A9rem_(k%C3%B6nyv)
56559,https://fi.wikipedia.org/wiki/L%C3%A4htevien_laivojen_kaupunki
56568,https://en.wikipedia.org/wiki/Graham%27s_Magazine
56590,https://en.wikipedia.org/wiki/La_Cur%C3%A9e
56591,https://hu.wikipedia.org/wiki/Az_arany_ember_(reg%C3%A9ny)
56592,https://hu.wikipedia.org/wiki/Az_arany_ember_(reg%C3%A9ny)
56644,https://en.wikipedia.org/wiki/Bulfinch%27s_Mythology
56645,https://fr.wikipedia.org/wiki/Le_Po%C3%A8te_assassin%C3%A9
56654,https://en.wikipedia.org/wiki/Son_Excellence_Eug%C3%A8ne_Rougon
56775,https://en.wikipedia.org/wiki/War_(short_story)
56799,https://en.wikipedia.org/wiki/La_D%C3%A9b%C3%A2cle
56801,"https://fr.wikipedia.org/wiki/Anicet_ou_le_panorama,_roman"
56807,https://fi.wikipedia.org/wiki/Sysm%C3%A4l%C3%A4inen
56856,https://ca.wikipedia.org/wiki/L%27auca_del_senyor_Esteve
56856,https://en.wikipedia.org/wiki/L%27auca_del_senyor_Esteve
56860,https://en.wikipedia.org/wiki/La_Conqu%C3%AAte_de_Plassans
56863,https://en.wikipedia.org/wiki/Uncle_Tom%27s_Cabin
56866,https://ca.wikipedia.org/wiki/Enll%C3%A0
56878,https://en.wikipedia.org/wiki/First_Love_(Turgenev_novella)
56913,"https://en.wikipedia.org/wiki/Maud,_and_Other_Poems"
56941,https://hu.wikipedia.org/wiki/S%C3%A1rga_r%C3%B3zsa_(kisreg%C3%A9ny)
56987,https://en.wikipedia.org/wiki/L%27Argent
57001,https://pt.wikipedia.org/wiki/Pap%C3%A9is_Avulsos
57015,https://en.wikipedia.org/wiki/The_Girl%27s_Own_Paper
57028,https://en.wikipedia.org/wiki/A_Dominie%27s_Log
57038,https://en.wikipedia.org/wiki/La_B%C3%AAte_humaine
57052,https://sv.wikipedia.org/wiki/R%C3%B6da_rummet
57075,https://en.wikipedia.org/wiki/Sc%C3%A8nes_de_la_vie_priv%C3%A9e_et_publique_des_animaux
57075,https://fr.wikipedia.org/wiki/Sc%C3%A8nes_de_la_vie_priv%C3%A9e_et_publique_des_animaux
57159,https://en.wikipedia.org/wiki/The_Historians%27_History_of_the_World
57227,https://en.wikipedia.org/wiki/The_Three_Sui_Quash_the_Demons%27_Revolt
57277,https://en.wikipedia.org/wiki/A_Dreamer%27s_Tales
57304,"https://en.wikipedia.org/wiki/The_Philippine_Islands,_1493%E2%80%931898"
57394,https://hu.wikipedia.org/wiki/A_cig%C3%A1nyb%C3%A1r%C3%B3_(kisreg%C3%A9ny)
57402,"https://en.wikipedia.org/wiki/The_Watcher_by_the_Threshold,_and_other_tales"
57431,"https://en.wikipedia.org/wiki/The_Philippine_Islands,_1493%E2%80%931898"
57477,https://hu.wikipedia.org/wiki/A_l%C3%A1thatatlan_ember_(G%C3%A1rdonyi_G%C3%A9za-reg%C3%A9ny)
57549,https://it.wikipedia.org/wiki/Annali_d%27Italia
57653,https://en.wikipedia.org/wiki/The_Girl%27s_Own_Paper
57654,https://es.wikipedia.org/wiki/Il%C3%ADada
57687,https://en.wikipedia.org/wiki/The_Death_of_the_Earth
57741,https://de.wikipedia.org/wiki/Der_kleine_D%C3%A4mon
57745,https://fr.wikipedia.org/wiki/La_For%C3%AAt_ou_l%27Abbaye_de_Saint-Clair
57746,https://fr.wikipedia.org/wiki/La_For%C3%AAt_ou_l%27Abbaye_de_Saint-Clair
57747,https://fr.wikipedia.org/wiki/La_For%C3%AAt_ou_l%27Abbaye_de_Saint-Clair
57781,https://es.wikipedia.org/wiki/Ca%C3%B1as_y_barro_(novela)
57843,https://en.wikipedia.org/wiki/Harper%27s_Young_People
57870,"https://en.wikipedia.org/wiki/Histoire_de_Dom_Bougre,_Portier_des_Chartreux"
57964,https://fr.wikipedia.org/wiki/Robinson_Cruso%C3%A9
57969,https://en.wikipedia.org/wiki/Harper%27s_Young_People
57982,https://es.wikipedia.org/wiki/Espa%C3%B1a_invertebrada
58049,https://es.wikipedia.org/wiki/El_marqu%C3%A9s_de_Bradom%C3%ADn._Coloquios_rom%C3%A1nticos
58103,https://es.wikipedia.org/wiki/Veinte_poemas_para_ser_le%C3%ADdos_en_el_tranv%C3%ADa
58124,https://en.wikipedia.org/wiki/The_Historians%27_History_of_the_World
58145,https://de.wikipedia.org/wiki/Eine_Geschichte_aus_zwei_St%C3%A4dten
58167,https://en.wikipedia.org/wiki/Harper%27s_Young_People
58214,https://en.wikipedia.org/wiki/Sc%C3%A8nes_de_la_vie_priv%C3%A9e_et_publique_des_animaux
58219,https://de.wikipedia.org/wiki/Das_gro%C3%9Fe_Jagen
58238,https://de.wikipedia.org/wiki/Schuld_und_S%C3%BChne
58240,https://en.wikipedia.org/wiki/Mahtra_s%C3%B5da
58244,https://en.wikipedia.org/wiki/La_Com%C3%A9die_humaine
58467,https://fr.wikipedia.org/wiki/Les_%C3%89vangiles_des_quenouilles
58582,https://en.wikipedia.org/wiki/St._Martin%27s_Eve
58683,https://de.wikipedia.org/wiki/Die_Flora_Deutschlands_und_angrenzender_L%C3%A4nder
58772,https://en.wikipedia.org/wiki/Geschichte_vom_braven_Kasperl_und_dem_sch%C3%B6nen_Annerl
58820,https://en.wikipedia.org/wiki/Whose_Body%3F
58947,https://en.wikipedia.org/wiki/Doctor_Dolittle%27s_Post_Office
58966,https://en.wikipedia.org/wiki/The_Girl%27s_Own_Paper
59003,https://en.wikipedia.org/wiki/The_Girl%27s_Own_Paper
59112,https://en.wikipedia.org/wiki/R.U.R.
59134,https://en.wikipedia.org/wiki/The_Historians%27_History_of_the_World
59191,https://en.wikipedia.org/wiki/Rudolf_Steiner%27s_Mystery_Dramas
59421,https://en.wikipedia.org/wiki/Ch%C5%ABshingura
59422,https://en.wikipedia.org/wiki/Wisdom%27s_Daughter
59464,https://de.wikipedia.org/wiki/Die_h%C3%A4%C3%9Fliche_Herzogin
59492,https://es.wikipedia.org/wiki/Don_%C3%81lvaro_o_la_fuerza_del_sino
59539,https://en.wikipedia.org/wiki/Relaci%C3%B3n_de_las_cosas_de_Yucat%C3%A1n
59539,https://fr.wikipedia.org/wiki/Relation_des_choses_du_Yucat%C3%A1n
59547,https://de.wikipedia.org/wiki/Die_Weltr%C3%A4tsel
59620,https://pt.wikipedia.org/wiki/Queda_que_as_mulheres_t%C3%AAm_para_os_tolos
59629,https://en.wikipedia.org/wiki/Juan_Jos%C3%A9_(play)
59629,https://es.wikipedia.org/wiki/Juan_Jos%C3%A9_(obra_de_teatro)
59775,https://en.wikipedia.org/wiki/Alf%27s_Button_(novel)
59852,https://es.wikipedia.org/wiki/Del_sentimiento_tr%C3%A1gico_de_la_vida
59889,https://fr.wikipedia.org/wiki/Thomas_l%27imposteur_(roman)
59926,https://fr.wikipedia.org/wiki/Le_Bl%C3%A9_en_herbe
60004,https://en.wikipedia.org/wiki/Aesop%27s_Fables
60053,https://en.wikipedia.org/wiki/The_Girl%27s_Own_Paper
60147,https://es.wikipedia.org/wiki/Marcos_de_Obreg%C3%B3n
60281,"https://en.wikipedia.org/wiki/The_Origin_of_the_Family,_Private_Property_and_the_State"
60281,"https://it.wikipedia.org/wiki/L%27origine_della_famiglia,_della_propriet%C3%A0_privata_e_dello_Stato"
60337,"https://en.wikipedia.org/wiki/Birds,_Beasts_and_Flowers"
60347,https://fr.wikipedia.org/wiki/Les_Fran%C3%A7ais_peints_par_eux-m%C3%AAmes
60417,https://fr.wikipedia.org/wiki/Clair_de_terre_(Andr%C3%A9_Breton)
60450,https://en.wikipedia.org/wiki/The_Survivors_of_the_%22Jonathan%22
60450,https://fr.wikipedia.org/wiki/Les_Naufrag%C3%A9s_du_%C2%AB_Jonathan_%C2%BB
60551,https://en.wikipedia.org/wiki/La_Com%C3%A9die_humaine
60551,https://fr.wikipedia.org/wiki/La_Com%C3%A9die_humaine
60563,https://en.wikipedia.org/wiki/Laurence_Sterne%27s_correspondence_with_Elizabeth_Draper
60586,https://en.wikipedia.org/wiki/Lord_Arthur_Savile%27s_Crime_and_Other_Stories
60665,https://fr.wikipedia.org/wiki/Elp%C3%A9nor_(roman)
60706,https://en.wikipedia.org/wiki/Grimms%27_Fairy_Tales
60739,https://fr.wikipedia.org/wiki/La_N%C3%A9gresse_blonde
60810,"https://en.wikipedia.org/wiki/Corinne,_or_Italy"
60810,https://fr.wikipedia.org/wiki/Corinne_ou_l%27Italie
60821,https://en.wikipedia.org/wiki/En_m%C3%A9nage
60825,"https://en.wikipedia.org/wiki/The_Convent_School,_or_Early_Experiences_of_A_Young_Flagellant"
60847,https://en.wikipedia.org/wiki/The_Posthumous_Memoirs_of_Br%C3%A1s_Cubas
60847,https://fr.wikipedia.org/wiki/M%C3%A9moires_posthumes_de_Br%C3%A1s_Cubas
60864,https://en.wikipedia.org/wiki/Mandeville%27s_Travels
60865,https://en.wikipedia.org/wiki/Mandeville%27s_Travels
60882,https://fr.wikipedia.org/wiki/De_l%27amour_(Stendhal)
60891,https://fr.wikipedia.org/wiki/Le_Monde_tel_qu%27il_sera
60918,https://fr.wikipedia.org/wiki/Le_Canap%C3%A9_couleur_de_feu
60944,https://en.wikipedia.org/wiki/Ralph_124C_41%2B
60962,https://en.wikipedia.org/wiki/The_Vegetable
61075,https://fr.wikipedia.org/wiki/Pell%C3%A9as_et_M%C3%A9lisande
61077,https://en.wikipedia.org/wiki/The_King_of_Elfland%27s_Daughter
61103,https://eo.wikipedia.org/wiki/Kiel_pla%C4%89as_al_vi
61179,https://en.wikipedia.org/wiki/Gulliver%27s_Travels
61192,https://hu.wikipedia.org/wiki/Janics%C3%A1rok_v%C3%A9gnapjai
61218,"https://fr.wikipedia.org/wiki/Capitaines_courageux,_une_histoire_du_banc_de_Terre-Neuve"
61264,https://en.wikipedia.org/wiki/Konungs_skuggsj%C3%A1
61326,https://it.wikipedia.org/wiki/Le_tre_citt%C3%A0
61351,https://fr.wikipedia.org/wiki/La_Le%C3%A7on_d%27amour_dans_un_parc
61438,https://es.wikipedia.org/wiki/S%C3%B3nnica_la_cortesana
61446,https://hu.wikipedia.org/wiki/Szeg%C3%A9ny_gazdagok_(reg%C3%A9ny)
61463,https://fi.wikipedia.org/wiki/Kaarinan_kes%C3%A4loma
61472,https://fr.wikipedia.org/wiki/Autels_privil%C3%A9gi%C3%A9s
61522,"https://en.wikipedia.org/wiki/The_%C2%A31,000,000_Bank_Note_and_Other_New_Stories"
61527,https://fr.wikipedia.org/wiki/La_Colline_inspir%C3%A9e
61531,https://fi.wikipedia.org/wiki/Muutamia_mietteit%C3%A4_kasvatuksesta
61691,https://en.wikipedia.org/wiki/Gulliver%27s_Travels
61733,https://en.wikipedia.org/wiki/Gulliver%27s_Travels
61745,https://fr.wikipedia.org/wiki/L%27%C3%89cole_des_indiff%C3%A9rents
61860,https://pl.wikipedia.org/wiki/Marta_(powie%C5%9B%C4%87)
61892,https://hu.wikipedia.org/wiki/A_k%C5%91sz%C3%ADv%C5%B1_ember_fiai_(reg%C3%A9ny)
61893,https://hu.wikipedia.org/wiki/A_k%C5%91sz%C3%ADv%C5%B1_ember_fiai_(reg%C3%A9ny)
61921,https://en.wikipedia.org/wiki/Gulliver%27s_Travels
61948,https://de.wikipedia.org/wiki/Mittelniederdeutsches_Handw%C3%B6rterbuch
61966,https://en.wikipedia.org/wiki/Lincoln%27s_Lost_Speech
62047,https://it.wikipedia.org/wiki/Saggio_sulla_libert%C3%A0
62074,https://en.wikipedia.org/wiki/The_Girl%27s_Own_Paper
62147,https://fr.wikipedia.org/wiki/Le_Temps_de_l%27innocence_(roman)
62172,https://en.wikipedia.org/wiki/Curtis%27s_Botanical_Magazine
62281,https://de.wikipedia.org/wiki/Le_Martyre_de_Saint_S%C3%A9bastien
62281,https://en.wikipedia.org/wiki/Le_Martyre_de_saint_S%C3%A9bastien
62359,https://es.wikipedia.org/wiki/El_Anacron%C3%B3pete
62404,https://fr.wikipedia.org/wiki/Frankenstein_ou_le_Prom%C3%A9th%C3%A9e_moderne
62405,https://fr.wikipedia.org/wiki/Frankenstein_ou_le_Prom%C3%A9th%C3%A9e_moderne
62406,https://fr.wikipedia.org/wiki/Frankenstein_ou_le_Prom%C3%A9th%C3%A9e_moderne
62435,https://hu.wikipedia.org/wiki/Szeretve_mind_a_v%C3%A9rpadig
62436,https://hu.wikipedia.org/wiki/Szeretve_mind_a_v%C3%A9rpadig
62522,https://fi.wikipedia.org/wiki/Kuisma_ja_Helin%C3%A4_(runoelma)
62615,https://fr.wikipedia.org/wiki/La_Bible_d%27Amiens
62627,https://es.wikipedia.org/wiki/El_extra%C3%B1o_caso_del_doctor_Jekyll_y_el_se%C3%B1or_Hyde
62668,https://en.wikipedia.org/wiki/M%C3%A9moires_(Berlioz)
62691,https://en.wikipedia.org/wiki/El_Critic%C3%B3n
62691,https://es.wikipedia.org/wiki/El_Critic%C3%B3n
62739,https://en.wikipedia.org/wiki/King_Leopold%27s_Soliloquy
62775,https://hu.wikipedia.org/wiki/Utaz%C3%A1s_a_Balaton_k%C3%B6r%C3%BCl_(k%C3%B6nyv)
62776,https://hu.wikipedia.org/wiki/Utaz%C3%A1s_a_Balaton_k%C3%B6r%C3%BCl_(k%C3%B6nyv)
62788,https://hu.wikipedia.org/wiki/T%C3%B3t_atyafiak
63096,https://de.wikipedia.org/wiki/Bouvard_und_P%C3%A9cuchet
63096,https://en.wikipedia.org/wiki/Bouvard_and_P%C3%A9cuchet
63145,https://es.wikipedia.org/wiki/Electra_(Gald%C3%B3s)
63203,https://en.wikipedia.org/wiki/Goethe%27s_Faust
63206,https://en.wikipedia.org/wiki/L%27Enfant_%C3%A0_la_balustrade
63206,https://fr.wikipedia.org/wiki/L%27Enfant_%C3%A0_la_balustrade
63231,"https://en.wikipedia.org/wiki/Castes_in_India%3A_Their_Mechanism,_Genesis_and_Development"
63271,"https://fr.wikipedia.org/wiki/Ni_ange,_ni_b%C3%AAte"
63367,"https://en.wikipedia.org/wiki/Henry_IV,_Part_1"
63402,https://en.wikipedia.org/wiki/El_Critic%C3%B3n
63402,https://es.wikipedia.org/wiki/El_Critic%C3%B3n
63465,https://de.wikipedia.org/wiki/Deutsches_M%C3%A4rchenbuch
63489,https://en.wikipedia.org/wiki/The_Historians%27_History_of_the_World
63533,https://en.wikipedia.org/wiki/Chambers%27s_Edinburgh_Journal
63600,https://es.wikipedia.org/wiki/Una_excursi%C3%B3n_a_los_indios_ranqueles
63678,https://en.wikipedia.org/wiki/Bartram%27s_Travels
63684,https://en.wikipedia.org/wiki/The_Girl%27s_Own_Paper
63723,https://de.wikipedia.org/wiki/Der_J%C3%BCngling
63767,https://es.wikipedia.org/wiki/Una_excursi%C3%B3n_a_los_indios_ranqueles
63773,https://fr.wikipedia.org/wiki/Jours_de_famine_et_de_d%C3%A9tresse
63849,"https://en.wikipedia.org/wiki/Bambi,_a_Life_in_the_Woods"
64040,https://en.wikipedia.org/wiki/The_Girl%27s_Own_Paper
64092,"https://en.wikipedia.org/wiki/The_Sketch_Book_of_Geoffrey_Crayon,_Gent."
64145,https://en.wikipedia.org/wiki/Pastiches_et_m%C3%A9langes
64145,https://fr.wikipedia.org/wiki/Pastiches_et_M%C3%A9langes
64213,https://fr.wikipedia.org/wiki/S%C3%A9same_et_les_Lys
64248,https://en.wikipedia.org/wiki/Some_Do_Not_...
64291,"https://it.wikipedia.org/wiki/Come_prima,_meglio_di_prima"
64322,https://fr.wikipedia.org/wiki/Les_Cons%C3%A9quences_politiques_de_la_paix
64353,"https://en.wikipedia.org/wiki/Fields,_Factories,_and_Workshops"
64414,https://de.wikipedia.org/wiki/Der_J%C3%A4ger_von_Fall_(Roman)
64465,https://es.wikipedia.org/wiki/Novelas_amorosas_y_ejemplares_y_Desenga%C3%B1os_amorosos
64525,https://de.wikipedia.org/wiki/Sch%C3%B6n_ist_die_Jugend
64538,https://en.wikipedia.org/wiki/Journey_to_the_Centre_of_the_Earth
64538,https://hu.wikipedia.org/wiki/Utaz%C3%A1s_a_F%C3%B6ld_k%C3%B6z%C3%A9ppontja_fel%C3%A9_(reg%C3%A9ny)
64539,https://en.wikipedia.org/wiki/Journey_to_the_Centre_of_the_Earth
64539,https://hu.wikipedia.org/wiki/Utaz%C3%A1s_a_F%C3%B6ld_k%C3%B6z%C3%A9ppontja_fel%C3%A9_(reg%C3%A9ny)
64587,"https://en.wikipedia.org/wiki/Augustus_Carp,_Esq."
64674,https://fr.wikipedia.org/wiki/L%27Ensorcel%C3%A9e
64680,"https://it.wikipedia.org/wiki/Pensaci,_Giacomino!"
64688,https://hu.wikipedia.org/wiki/A_bar%C3%A1tfalvi_l%C3%A9vita
64719,https://fr.wikipedia.org/wiki/Le_Tr%C3%A9sor_des_humbles
64775,https://en.wikipedia.org/wiki/Os_Lus%C3%ADadas
64809,https://en.wikipedia.org/wiki/Moberly%E2%80%93Jourdain_incident
64908,https://en.wikipedia.org/wiki/What_Is_Art%3F
64913,https://fr.wikipedia.org/wiki/Les_Nouvelles_Le%C3%A7ons_d%27amour_dans_un_parc
64945,https://en.wikipedia.org/wiki/Historia_verdadera_de_la_conquista_de_la_Nueva_Espa%C3%B1a
64945,https://es.wikipedia.org/wiki/Historia_verdadera_de_la_conquista_de_la_Nueva_Espa%C3%B1a
64946,https://en.wikipedia.org/wiki/Historia_verdadera_de_la_conquista_de_la_Nueva_Espa%C3%B1a
64946,https://es.wikipedia.org/wiki/Historia_verdadera_de_la_conquista_de_la_Nueva_Espa%C3%B1a
64947,https://en.wikipedia.org/wiki/Historia_verdadera_de_la_conquista_de_la_Nueva_Espa%C3%B1a
64947,https://es.wikipedia.org/wiki/Historia_verdadera_de_la_conquista_de_la_Nueva_Espa%C3%B1a
64990,"https://fr.wikipedia.org/wiki/Le_Ch%C3%A8vrefeuille,_le_Purgatoire,_le_Chapitre_XIII"
65165,https://es.wikipedia.org/wiki/Vida_de_Jes%C3%BAs_(Ernest_Renan)
65171,https://en.wikipedia.org/wiki/The_Conchologist%27s_First_Book
65297,https://it.wikipedia.org/wiki/L%27innesto
65338,https://en.wikipedia.org/wiki/Chambers%27s_Edinburgh_Journal
65358,https://en.wikipedia.org/wiki/The_Girl%27s_Own_Paper
65389,https://en.wikipedia.org/wiki/Chambers%27s_Edinburgh_Journal
65405,https://fr.wikipedia.org/wiki/Le_Vagabond_des_%C3%A9toiles
65434,https://fr.wikipedia.org/wiki/Les_R%C3%AAveries_du_promeneur_solitaire
65465,https://en.wikipedia.org/wiki/The_Professor%27s_House
65473,https://en.wikipedia.org/wiki/Gulliver%27s_Travels
65519,"https://en.wikipedia.org/wiki/The_Escape%3B_or,_A_Leap_for_Freedom"
65543,https://en.wikipedia.org/wiki/Chambers%27s_Edinburgh_Journal
65553,https://en.wikipedia.org/wiki/Inspector_French%27s_Greatest_Case
65689,https://es.wikipedia.org/wiki/Las_fuerzas_extra%C3%B1as
65696,https://en.wikipedia.org/wiki/The_Girl%27s_Own_Paper
65711,https://da.wikipedia.org/wiki/Pl%C3%B8jeren
65711,https://en.wikipedia.org/wiki/Pl%C3%B8jeren
65733,https://en.wikipedia.org/wiki/The_Girl%27s_Own_Paper
65756,https://en.wikipedia.org/wiki/The_Girl%27s_Own_Paper
65795,https://en.wikipedia.org/wiki/Chambers%27s_Edinburgh_Journal
65816,https://en.wikipedia.org/wiki/The_Girl%27s_Own_Paper
65835,https://eo.wikipedia.org/wiki/La_Re%C4%9Do_de_la_Montoj
65845,https://en.wikipedia.org/wiki/Les_Xip%C3%A9huz
65845,https://fr.wikipedia.org/wiki/Les_Xip%C3%A9huz
65878,https://fr.wikipedia.org/wiki/La_Poup%C3%A9e_sanglante_(roman)
65974,"https://en.wikipedia.org/wiki/Carry_On,_Jeeves"
65998,https://en.wikipedia.org/wiki/The_Witch%27s_Head
65999,https://en.wikipedia.org/wiki/Los_Sue%C3%B1os
65999,https://es.wikipedia.org/wiki/Sue%C3%B1os_y_discursos
66007,https://en.wikipedia.org/wiki/Chambers%27s_Edinburgh_Journal
66097,https://en.wikipedia.org/wiki/Chambers%27s_Edinburgh_Journal
66100,https://hu.wikipedia.org/wiki/Oidipusz_kir%C3%A1ly_(dr%C3%A1ma)
66102,https://en.wikipedia.org/wiki/The_Girl%27s_Own_Paper
66175,https://en.wikipedia.org/wiki/Chambers%27s_Edinburgh_Journal
66262,https://en.wikipedia.org/wiki/Los_Sue%C3%B1os
66262,https://es.wikipedia.org/wiki/Sue%C3%B1os_y_discursos
66285,https://en.wikipedia.org/wiki/Salammb%C3%B4
66285,https://es.wikipedia.org/wiki/Salamb%C3%B3
66359,https://en.wikipedia.org/wiki/Mourt%27s_Relation
66373,https://es.wikipedia.org/wiki/Reglas_y_consejos_sobre_investigaci%C3%B3n_cient%C3%ADfica
66378,https://it.wikipedia.org/wiki/Viaggio_al_Capo_Nord_fatto_l%27anno_1799
66425,https://en.wikipedia.org/wiki/The_Girl%27s_Own_Paper
66462,https://en.wikipedia.org/wiki/Chambers%27s_Edinburgh_Journal
66480,https://fr.wikipedia.org/wiki/Le_Merveilleux_Voyage_de_Nils_Holgersson_%C3%A0_travers_la_Su%C3%A8de
66505,https://en.wikipedia.org/wiki/Bouvard_and_P%C3%A9cuchet
66505,https://fr.wikipedia.org/wiki/Bouvard_et_P%C3%A9cuchet
66532,https://en.wikipedia.org/wiki/Cl%C3%A9rambault_(novel)
66659,https://en.wikipedia.org/wiki/Chambers%27s_Edinburgh_Journal
66694,https://en.wikipedia.org/wiki/The_Historians%27_History_of_the_World
66793,https://en.wikipedia.org/wiki/L%27Aiglon
66793,https://fr.wikipedia.org/wiki/L%27Aiglon
66800,https://en.wikipedia.org/wiki/Chambers%27s_Edinburgh_Journal
66871,https://en.wikipedia.org/wiki/The_Doves%27_Nest
66903,"https://en.wikipedia.org/wiki/Emile,_or_On_Education"
66903,"https://hu.wikipedia.org/wiki/Emil,_avagy_a_nevel%C3%A9sr%C5%91l"
66916,https://en.wikipedia.org/wiki/Another_Man%27s_Shoes_(novel)
66924,https://fr.wikipedia.org/wiki/De_l%27Allemagne
66949,https://es.wikipedia.org/wiki/Hel%C3%A9nicas
66984,https://en.wikipedia.org/wiki/Chambers%27s_Edinburgh_Journal
67000,https://en.wikipedia.org/wiki/Fabre%27s_Book_of_Insects
67002,https://hu.wikipedia.org/wiki/Dr._Moreau_szigete_(reg%C3%A9ny)
67008,https://en.wikipedia.org/wiki/Chambers%27s_Edinburgh_Journal
67092,https://es.wikipedia.org/wiki/El_para%C3%ADso_perdido
67094,https://fr.wikipedia.org/wiki/Le_Scarab%C3%A9e_d%27or
67102,"https://en.wikipedia.org/wiki/Ariane,_jeune_fille_russe_(novel)"
67102,"https://fr.wikipedia.org/wiki/Ariane,_jeune_fille_russe"
67157,https://hu.wikipedia.org/wiki/A_l%C3%A1thatatlan_ember_(H._G._Wells-reg%C3%A9ny)
67260,https://fr.wikipedia.org/wiki/L%27Odyss%C3%A9e_d%27un_transport_torpill%C3%A9
67264,https://en.wikipedia.org/wiki/La_Com%C3%A9die_humaine
67264,https://fr.wikipedia.org/wiki/La_Com%C3%A9die_humaine
67276,"https://en.wikipedia.org/wiki/Faust,_Part_One"
67298,"https://en.wikipedia.org/wiki/Stormy,_Misty%27s_Foal"
67320,https://fr.wikipedia.org/wiki/Les_Confessions_(Augustin_d%27Hippone)
67340,https://en.wikipedia.org/wiki/The_Conspirators_(Dumas_and_Maquet_novel)
67360,https://es.wikipedia.org/wiki/Napole%C3%B3n_en_Chamart%C3%ADn
67427,https://fr.wikipedia.org/wiki/L%27Ing%C3%A9nue_libertine
67556,https://en.wikipedia.org/wiki/What_Is_Art%3F
67556,https://it.wikipedia.org/wiki/Che_cos%27%C3%A8_l%27arte%3F
67588,"https://en.wikipedia.org/wiki/Thuvia,_Maid_of_Mars"
67612,"https://en.wikipedia.org/wiki/Love_in_Excess%3B_or,_The_Fatal_Enquiry"
67655,"https://en.wikipedia.org/wiki/Jason,_Son_of_Jason"
67705,https://es.wikipedia.org/wiki/Juan_Mart%C3%ADn_el_Empecinado_(episodio_nacional)
67712,https://hu.wikipedia.org/wiki/A_B%C3%A9lteky-h%C3%A1z
67713,https://hu.wikipedia.org/wiki/A_B%C3%A9lteky-h%C3%A1z
67726,https://es.wikipedia.org/wiki/Se%C3%B1ora_ama
67773,https://hu.wikipedia.org/wiki/Eln%C3%A9mult_harangok_(reg%C3%A9ny)
67780,https://pt.wikipedia.org/wiki/Iai%C3%A1_Garcia
67793,https://hu.wikipedia.org/wiki/A_csehek_Magyarorsz%C3%A1gban
67794,https://hu.wikipedia.org/wiki/A_csehek_Magyarorsz%C3%A1gban
67858,https://en.wikipedia.org/wiki/Aristotle%27s_Masterpiece
67887,https://hu.wikipedia.org/wiki/A_l%C3%A1ngban_%C3%A1ll%C3%B3_szigettenger
67930,https://en.wikipedia.org/wiki/The_Last_of_Ch%C3%A9ri
67930,https://fr.wikipedia.org/wiki/La_Fin_de_Ch%C3%A9ri
67933,https://fr.wikipedia.org/wiki/De_l%27Allemagne
67935,https://pt.wikipedia.org/wiki/Rel%C3%ADquias_de_Casa_Velha
67957,https://en.wikipedia.org/wiki/Mr._Keegan%27s_Elopement
67963,https://fr.wikipedia.org/wiki/Loi_du_29_juillet_1881_sur_la_libert%C3%A9_de_la_presse
67991,https://de.wikipedia.org/wiki/Die_F%C3%B6rsterbuben_(Roman)
68035,https://en.wikipedia.org/wiki/Chambers%27s_Edinburgh_Journal
68138,"https://fr.wikipedia.org/wiki/Le_Ch%C3%A8vrefeuille,_le_Purgatoire,_le_Chapitre_XIII"
68220,https://es.wikipedia.org/wiki/R%C3%B6misches_Staatsrecht
68288,https://hu.wikipedia.org/wiki/Sz%C3%ADnh%C3%A1zi_est%C3%A9k
68355,https://fr.wikipedia.org/wiki/Le_Si%C3%A8cle_de_Louis_XIV
68377,https://en.wikipedia.org/wiki/Let%27s_Get_Together_(short_story)
68525,https://es.wikipedia.org/wiki/Poes%C3%ADas_completas
68537,https://hu.wikipedia.org/wiki/Egy_r%C3%A9gi_udvarh%C3%A1z_utols%C3%B3_gazd%C3%A1ja
68566,"https://en.wikipedia.org/wiki/Faust,_Part_One"
68634,https://fr.wikipedia.org/wiki/Le_Cantique_de_l%27aile
68635,https://pt.wikipedia.org/wiki/Inoc%C3%AAncia_(romance)
68644,https://hu.wikipedia.org/wiki/A_falu_jegyz%C5%91je_(reg%C3%A9ny)
68645,https://hu.wikipedia.org/wiki/A_falu_jegyz%C5%91je_(reg%C3%A9ny)
68649,https://en.wikipedia.org/wiki/The_Spoil%27d_Child
68807,https://pt.wikipedia.org/wiki/A_Confiss%C3%A3o_de_L%C3%BAcio
68848,"https://fr.wikipedia.org/wiki/Diptyque_de_Flandre,_triptyque_de_France"
68885,https://fr.wikipedia.org/wiki/Livre_pour_l%27enseignement_de_ses_filles_(Chevalier_de_La_Tour_Landry)
68911,https://en.wikipedia.org/wiki/St._Peter%27s_Umbrella_(novel)
68911,https://hu.wikipedia.org/wiki/Szent_P%C3%A9ter_eserny%C5%91je_(reg%C3%A9ny)
68924,https://hu.wikipedia.org/wiki/Beszterce_ostroma_(reg%C3%A9ny)
68965,https://de.wikipedia.org/wiki/Sammlung_G%C3%B6schen
68966,https://en.wikipedia.org/wiki/The_Snake%27s_Pass
68979,https://hu.wikipedia.org/wiki/A_rajong%C3%B3k
68980,https://hu.wikipedia.org/wiki/A_rajong%C3%B3k
68986,https://pt.wikipedia.org/wiki/Prosas_B%C3%A1rbaras
69013,"https://en.wikipedia.org/wiki/The_Descent_of_Man,_and_Selection_in_Relation_to_Sex"
69089,https://en.wikipedia.org/wiki/Do%C3%B1a_Perfecta
69089,https://es.wikipedia.org/wiki/Do%C3%B1a_Perfecta
69161,https://hu.wikipedia.org/wiki/Akli_Mikl%C3%B3s_(reg%C3%A9ny)
69169,"https://nl.wikipedia.org/wiki/Van_vlinders,_bloemen_en_vogels"
69187,https://en.wikipedia.org/wiki/O_Corti%C3%A7o
69187,https://pt.wikipedia.org/wiki/O_Corti%C3%A7o
69331,https://en.wikipedia.org/wiki/Les_Beaux_Messieurs_de_Bois-Dor%C3%A9
69332,https://en.wikipedia.org/wiki/Les_Beaux_Messieurs_de_Bois-Dor%C3%A9
69372,"https://en.wikipedia.org/wiki/Narrative_of_Henry_Watson,_A_Fugitive_Slave"
69391,"https://hu.wikipedia.org/wiki/Utaz%C3%A1s_a_Holdba_(reg%C3%A9ny,_1865)"
69404,https://en.wikipedia.org/wiki/You_Can%27t_Win_(book)
69410,https://en.wikipedia.org/wiki/Christina_Alberta%27s_Father
69437,https://fr.wikipedia.org/wiki/Prodige_du_c%C5%93ur
69520,https://hu.wikipedia.org/wiki/Capill%C3%A1ria
69578,https://es.wikipedia.org/wiki/El_equipaje_del_rey_Jos%C3%A9
69584,https://en.wikipedia.org/wiki/Grey_Lensman
69631,https://fr.wikipedia.org/wiki/Le_Si%C3%A8cle_de_Louis_XIV
69663,https://en.wikipedia.org/wiki/The_Diary_of_a_Lost_Girl
69683,https://en.wikipedia.org/wiki/Men_Without_Women_(Hemingway_short_story_collection)
69689,https://hu.wikipedia.org/wiki/A_P%C3%A1l_utcai_fi%C3%BAk
69753,https://en.wikipedia.org/wiki/Gulliver%27s_Travels
69860,https://fr.wikipedia.org/wiki/M%C3%A9d%C3%A9e_(Longepierre)
69917,https://fr.wikipedia.org/wiki/La_L%C3%A9gende_dor%C3%A9e
69944,https://de.wikipedia.org/wiki/Jud_S%C3%BC%C3%9F_(Feuchtwanger)
69944,https://en.wikipedia.org/wiki/Jud_S%C3%BC%C3%9F_(Feuchtwanger_novel)
69977,https://de.wikipedia.org/wiki/Onkel_Toms_H%C3%BCtte
69977,https://en.wikipedia.org/wiki/Uncle_Tom%27s_Cabin
70065,https://fr.wikipedia.org/wiki/La_Fl%C3%A8che_noire
70095,https://fr.wikipedia.org/wiki/Le_N%C3%A8gre_du_Narcisse
70121,https://pt.wikipedia.org/wiki/A_Capital_Federal_(Impress%C3%B5es_de_um_Sertanejo)
70123,"https://en.wikipedia.org/wiki/A_Yankee_in_Canada,_with_Anti-Slavery_and_Reform_Papers"
70126,https://fr.wikipedia.org/wiki/N%C3%AAne
70278,https://en.wikipedia.org/wiki/Chambers%27s_Edinburgh_Journal
70396,https://en.wikipedia.org/wiki/Froissart%27s_Chronicles
70551,"https://en.wikipedia.org/wiki/Peter_Voss,_Thief_of_Millions_(novel)"
70572,"https://en.wikipedia.org/wiki/Bomba,_the_Jungle_Boy"
70584,https://en.wikipedia.org/wiki/Chambers%27s_Edinburgh_Journal
70694,https://fi.wikipedia.org/wiki/Boheemiel%C3%A4m%C3%A4%C3%A4
70786,https://hu.wikipedia.org/wiki/H%C3%A9t_krajc%C3%A1r
70815,https://en.wikipedia.org/wiki/Tarzan_at_the_Earth%27s_Core
70845,https://de.wikipedia.org/wiki/The_Pilgrim%E2%80%99s_Progress
70845,https://en.wikipedia.org/wiki/The_Pilgrim%27s_Progress
70854,https://en.wikipedia.org/wiki/The_Countess_of_Pembroke%27s_Arcadia
70858,https://en.wikipedia.org/wiki/The_History_of_the_United_States_of_America_1801%E2%80%931817
70899,https://en.wikipedia.org/wiki/Medusa%27s_Coil
70950,https://en.wikipedia.org/wiki/In_Memoriam_A.H.H.
70955,"https://en.wikipedia.org/wiki/Daedalus%3B_or,_Science_and_the_Future"
70956,https://en.wikipedia.org/wiki/Cl%C3%A9rambault_(novel)
71022,https://fr.wikipedia.org/wiki/La_Com%C3%A9die_humaine
71093,https://fr.wikipedia.org/wiki/Le_Supplice_de_Ph%C3%A8dre
71095,https://en.wikipedia.org/wiki/Yoga_Vasishtha
71101,https://en.wikipedia.org/wiki/First_Love_(Turgenev_novella)
71188,https://en.wikipedia.org/wiki/Hart%27s_Rules
71209,https://en.wikipedia.org/wiki/The_Historians%27_History_of_the_World
71225,https://fr.wikipedia.org/wiki/Les_Angoisses_douloureuses_qui_proc%C3%A8dent_d%27amour
71236,https://fr.wikipedia.org/wiki/Ma%C3%AFtena_(roman)
71248,https://en.wikipedia.org/wiki/Yoga_Vasishtha
71249,https://en.wikipedia.org/wiki/Yoga_Vasishtha
71287,https://fr.wikipedia.org/wiki/Feuilles_tomb%C3%A9es
71295,"https://en.wikipedia.org/wiki/The_Class_Struggles_in_France,_1848%E2%80%931850"
71305,https://en.wikipedia.org/wiki/The_Farmer%27s_Bride
71326,https://en.wikipedia.org/wiki/Yoga_Vasishtha
71405,https://pt.wikipedia.org/wiki/Verdadeiro_M%C3%A9todo_de_Estudar
71498,https://en.wikipedia.org/wiki/Chambers%27s_Edinburgh_Journal
71655,https://en.wikipedia.org/wiki/Hilbert%27s_problems
71715,"https://en.wikipedia.org/wiki/The_%2430,000_Bequest_and_Other_Stories"
71773,https://en.wikipedia.org/wiki/La_Com%C3%A9die_humaine
71781,"https://en.wikipedia.org/wiki/The_Poetical_Works_of_Janet_Little,_The_Scotch_Milkmaid"
71871,https://pt.wikipedia.org/wiki/Portugal_Contempor%C3%A2neo
72034,https://fr.wikipedia.org/wiki/La_Com%C3%A9die_humaine
72086,"https://en.wikipedia.org/wiki/Gay_Neck,_the_Story_of_a_Pigeon"
72169,https://fr.wikipedia.org/wiki/Le_Peuple_du_P%C3%B4le
72189,https://en.wikipedia.org/wiki/Froissart%27s_Chronicles
72373,https://es.wikipedia.org/wiki/Los_apost%C3%B3licos
72374,https://en.wikipedia.org/wiki/The_Emperor%27s_Candlesticks
72385,https://en.wikipedia.org/wiki/Froissart%27s_Chronicles
72462,https://en.wikipedia.org/wiki/The_Rasp_(novel)
72525,https://en.wikipedia.org/wiki/Chambers%27s_Edinburgh_Journal
72577,"https://en.wikipedia.org/wiki/Bambi,_a_Life_in_the_Woods"
72588,https://hu.wikipedia.org/wiki/Vil%C3%A1gok_harca_(reg%C3%A9ny)
72753,https://es.wikipedia.org/wiki/Historias_(Her%C3%B3doto)
72754,https://es.wikipedia.org/wiki/Historias_(Her%C3%B3doto)
72762,https://en.wikipedia.org/wiki/King_Ren%C3%A9%27s_Daughter
72808,https://it.wikipedia.org/wiki/L%27uomo_pieno_di_donne
72815,"https://en.wikipedia.org/wiki/On_the_Mysteries_of_the_Egyptians,_Chaldeans,_and_Assyrians"
72856,https://ca.wikipedia.org/wiki/L%27Escanyapobres
72885,https://en.wikipedia.org/wiki/La_L%C3%A9gende_des_si%C3%A8cles
72885,https://fr.wikipedia.org/wiki/La_L%C3%A9gende_des_si%C3%A8cles
72889,https://de.wikipedia.org/wiki/Madame_Th%C3%A9r%C3%A8se
72889,https://en.wikipedia.org/wiki/Madame_Th%C3%A9r%C3%A8se
72929,https://en.wikipedia.org/wiki/Chambers%27s_Edinburgh_Journal
72938,"https://en.wikipedia.org/wiki/Tarzan,_Lord_of_the_Jungle_(novel)"
72955,https://en.wikipedia.org/wiki/The_Girl%27s_Own_Paper
73058,https://fr.wikipedia.org/wiki/L%27Immoraliste
73144,https://en.wikipedia.org/wiki/Lady_Chatterley%27s_Lover
73246,"https://en.wikipedia.org/wiki/The_Descent_of_Man,_and_Selection_in_Relation_to_Sex"
73322,https://es.wikipedia.org/wiki/Nazar%C3%ADn_(novela)
73369,https://en.wikipedia.org/wiki/The_Historians%27_History_of_the_World
73408,https://ca.wikipedia.org/wiki/Josafat_(novel%C2%B7la)
73439,https://it.wikipedia.org/wiki/L%27anitra_selvatica
73443,https://en.wikipedia.org/wiki/Froissart%27s_Chronicles
73448,https://en.wikipedia.org/wiki/20_Hrs._40_Min.
73486,https://es.wikipedia.org/wiki/Coraz%C3%B3n%3A_Diario_de_un_ni%C3%B1o
73552,https://fr.wikipedia.org/wiki/La_Com%C3%A9die_humaine
73632,https://en.wikipedia.org/wiki/Froissart%27s_Chronicles
73638,https://en.wikipedia.org/wiki/The_Disciple_(novel)
73670,https://en.wikipedia.org/wiki/Th%C3%A9r%C3%A8se_Desqueyroux_(novel)
73715,https://en.wikipedia.org/wiki/Barracoon%3A_The_Story_of_the_Last_%22Black_Cargo%22
73768,https://en.wikipedia.org/wiki/Froissart%27s_Chronicles
73794,https://fi.wikipedia.org/wiki/Maija_Mehil%C3%A4inen
73823,https://hu.wikipedia.org/wiki/Liliom_(sz%C3%ADnm%C5%B1)
73904,https://en.wikipedia.org/wiki/Travels_with_a_Donkey_in_the_C%C3%A9vennes
73904,https://fr.wikipedia.org/wiki/Voyage_avec_un_%C3%A2ne_dans_les_C%C3%A9vennes
74080,https://de.wikipedia.org/wiki/Essais_sur_la_n%C3%A9cessit%C3%A9_et_sur_les_moyens_de_plaire
74090,https://fr.wikipedia.org/wiki/Le_Temps_retrouv%C3%A9
74091,https://fr.wikipedia.org/wiki/Le_Temps_retrouv%C3%A9
74132,"https://en.wikipedia.org/wiki/The_Remarkable_Exploits_of_Lancelot_Biggs,_Spaceman"
74146,https://en.wikipedia.org/wiki/Chambers%27s_Edinburgh_Journal
74208,https://en.wikipedia.org/wiki/Froissart%27s_Chronicles
74209,https://en.wikipedia.org/wiki/Froissart%27s_Chronicles
74213,https://en.wikipedia.org/wiki/St._Peter%27s_Umbrella_(novel)
74326,https://en.wikipedia.org/wiki/Aesop%27s_Fables
74512,https://fi.wikipedia.org/wiki/Kentt%C3%A4_ja_kasarmi
74595,https://en.wikipedia.org/wiki/The_President%27s_Daughter_(Britton)
74639,https://sv.wikipedia.org/wiki/Fr%C3%B6ken_Liwin
74697,https://fi.wikipedia.org/wiki/N%C3%A4lk%C3%A4talvena
74790,https://fr.wikipedia.org/wiki/De_l%27assassinat_consid%C3%A9r%C3%A9_comme_un_des_beaux-arts
74795,https://ca.wikipedia.org/wiki/Gal%C2%B7la_Plac%C3%ADdia_(%C3%80ngel_Guimer%C3%A0)
74839,https://fr.wikipedia.org/wiki/La_Vie_secr%C3%A8te
74881,https://es.wikipedia.org/wiki/Zumalac%C3%A1rregui_(episodio_nacional)
74883,https://en.wikipedia.org/wiki/The_Div%C3%A2n_of_Hafez
74917,https://en.wikipedia.org/wiki/Pan_(Hamsun_novel)
74981,https://es.wikipedia.org/wiki/Pedro_S%C3%A1nchez_(novela)
74988,"https://en.wikipedia.org/wiki/The_Tunnel_Thru_the_Air%3B_Or,_Looking_Back_from_1940"
75023,"https://en.wikipedia.org/wiki/The_History_of_Tom_Jones,_a_Foundling"
75079,https://en.wikipedia.org/wiki/A_Gyurkovics-l%C3%A1nyok
75143,https://hu.wikipedia.org/wiki/A_Vil%C3%A1g_Ura
75211,https://en.wikipedia.org/wiki/Chambers%27s_Edinburgh_Journal
75234,https://en.wikipedia.org/wiki/Who_He%3F
75318,https://en.wikipedia.org/wiki/The_Duke_of_York%27s_Steps
75329,https://en.wikipedia.org/wiki/Chambers%27s_Edinburgh_Journal
75373,https://de.wikipedia.org/wiki/Essai_d%E2%80%99%C3%A9ducation_nationale
75439,https://en.wikipedia.org/wiki/The_King%27s_English
75449,https://en.wikipedia.org/wiki/Chambers%27s_Edinburgh_Journal
75451,https://en.wikipedia.org/wiki/The_Play%27s_the_Thing_(play)
75455,"https://en.wikipedia.org/wiki/Leonardo_da_Vinci,_A_Memory_of_His_Childhood"
75562,"https://en.wikipedia.org/wiki/The_Assassination_Bureau,_Ltd"
75583,https://en.wikipedia.org/wiki/The_Informer_(O%27Flaherty_novel)
75614,https://es.wikipedia.org/wiki/Mendiz%C3%A1bal_(episodio_nacional)
75692,https://en.wikipedia.org/wiki/Chambers%27s_Edinburgh_Journal
75701,https://ca.wikipedia.org/wiki/Els_sots_fer%C3%A9stecs
75712,https://it.wikipedia.org/wiki/Un_dramma_nell%27Oceano_Pacifico
75717,https://fr.wikipedia.org/wiki/L%27Etbaye
75739,https://en.wikipedia.org/wiki/Les_Mis%C3%A9rables
75795,https://de.wikipedia.org/wiki/Die_Baumwollpfl%C3%BCcker
75809,https://ca.wikipedia.org/wiki/Jes%C3%BAs_que_torna
75818,https://en.wikipedia.org/wiki/Chambers%27s_Edinburgh_Journal
75859,https://en.wikipedia.org/wiki/The_Intelligent_Woman%27s_Guide_to_Socialism_and_Capitalism
75902,https://en.wikipedia.org/wiki/La_Fille_aux_yeux_d%27or
75937,https://en.wikipedia.org/wiki/Chambers%27s_Edinburgh_Journal
75945,https://ca.wikipedia.org/wiki/Vilaniu_(novel%C2%B7la)
75984,"https://en.wikipedia.org/wiki/History_of_the_Rise,_Progress,_and_Termination_of_the_American_Revolution"
75990,https://en.wikipedia.org/wiki/Robert%27s_Rules_of_Order
75992,https://fi.wikipedia.org/wiki/Kuolleen_silm%C3%A4t
76030,https://en.wikipedia.org/wiki/Minha_forma%C3%A7%C3%A3o
76042,https://en.wikipedia.org/wiki/Gulliver%27s_Travels
76045,https://en.wikipedia.org/wiki/J%27Accuse...!
76073,"https://en.wikipedia.org/wiki/Traidor,_inconfeso_y_m%C3%A1rtir"
76073,"https://es.wikipedia.org/wiki/Traidor,_inconfeso_y_m%C3%A1rtir"
76111,https://de.wikipedia.org/wiki/Die_Baumwollpfl%C3%BCcker
76165,https://en.wikipedia.org/wiki/Pens%C3%A9es
76211,https://en.wikipedia.org/wiki/Mamba%27s_Daughters
76225,https://fr.wikipedia.org/wiki/L%27%C3%8Ele_au_tr%C3%A9sor
76264,https://es.wikipedia.org/wiki/De_O%C3%B1ate_a_La_Granja
76348,https://en.wikipedia.org/wiki/Chambers%27s_Edinburgh_Journal
76360,https://en.wikipedia.org/wiki/The_Devil%27s_Elixirs
76396,https://en.wikipedia.org/wiki/La_L%C3%A9gende_des_si%C3%A8cles
76396,https://fr.wikipedia.org/wiki/La_L%C3%A9gende_des_si%C3%A8cles
76404,https://en.wikipedia.org/wiki/Philosophi%C3%A6_Naturalis_Principia_Mathematica
76418,https://en.wikipedia.org/wiki/The_Tomb_of_Ts%27in
76492,https://ca.wikipedia.org/wiki/L%27hereu_Noradell
76544,https://fr.wikipedia.org/wiki/J%C3%A9r%C3%B4me_60%C2%B0_latitude_nord
76593,"https://de.wikipedia.org/wiki/Leben_und_Ansichten_von_Tristram_Shandy,_Gentleman"
76593,"https://en.wikipedia.org/wiki/The_Life_and_Opinions_of_Tristram_Shandy,_Gentleman"
76606,https://fr.wikipedia.org/wiki/Vie_de_Ranc%C3%A9
76638,https://en.wikipedia.org/wiki/La_L%C3%A9gende_des_si%C3%A8cles
76638,https://fr.wikipedia.org/wiki/La_L%C3%A9gende_des_si%C3%A8cles
76639,"https://en.wikipedia.org/wiki/Julie%3B_or,_The_New_Heloise"
76640,https://de.wikipedia.org/wiki/Onkel_Toms_H%C3%BCtte
76721,https://fi.wikipedia.org/wiki/Jokamies_(n%C3%A4ytelm%C3%A4)
76724,https://fr.wikipedia.org/wiki/La_Chasse_au_m%C3%A9t%C3%A9ore
76735,"https://nl.wikipedia.org/wiki/Winnetou,_het_grote_opperhoofd"
76738,https://it.wikipedia.org/wiki/Le_speranze_d%27Italia
76782,"https://en.wikipedia.org/wiki/Baree,_Son_of_Kazan"
76907,https://en.wikipedia.org/wiki/La_L%C3%A9gende_des_si%C3%A8cles
76907,https://fr.wikipedia.org/wiki/La_L%C3%A9gende_des_si%C3%A8cles
76972,https://fi.wikipedia.org/wiki/Mit%C3%A4_on_taide%3F
76973,https://en.wikipedia.org/wiki/Blackwood%27s_Magazine
76979,https://en.wikipedia.org/wiki/Blackwood%27s_Magazine
76980,https://en.wikipedia.org/wiki/Blackwood%27s_Magazine
77012,https://de.wikipedia.org/wiki/Die_wei%C3%9Fe_Rose
77053,https://fr.wikipedia.org/wiki/En_marge_des_mar%C3%A9es
77054,https://en.wikipedia.org/wiki/Chambers%27s_Edinburgh_Journal
77058,https://en.wikipedia.org/wiki/The_Historians%27_History_of_the_World
77072,https://en.wikipedia.org/wiki/Les_Aventures_de_T%C3%A9l%C3%A9maque
77072,https://es.wikipedia.org/wiki/Las_aventuras_de_Tel%C3%A9maco
77109,https://en.wikipedia.org/wiki/Niels_Klim%27s_Underground_Travels
77550,https://en.wikipedia.org/wiki/Sermons_of_John_Wesley
77883,"https://en.wikipedia.org/wiki/Is_Sex_Necessary%3F_Or,_Why_You_Feel_the_Way_You_Do"
78068,https://en.wikipedia.org/wiki/Les_Mis%C3%A9rables
78074,https://en.wikipedia.org/wiki/Froissart%27s_Chronicles
79173,https://de.wikipedia.org/wiki/Narzi%C3%9F_und_Goldmund
